Molecule,Canonical SMILES,Formula,MW,#Heavy atoms,#Aromatic heavy atoms,Fraction Csp3,#Rotatable bonds,#H-bond acceptors,#H-bond donors,MR,TPSA,iLOGP,XLOGP3,WLOGP,MLOGP,Silicos-IT Log P,Consensus Log P,ESOL Log S,ESOL Solubility (mg/ml),ESOL Solubility (mol/l),ESOL Class,Ali Log S,Ali Solubility (mg/ml),Ali Solubility (mol/l),Ali Class,Silicos-IT LogSw,Silicos-IT Solubility (mg/ml),Silicos-IT Solubility (mol/l),Silicos-IT class,GI absorption,BBB permeant,Pgp substrate,CYP1A2 inhibitor,CYP2C19 inhibitor,CYP2C9 inhibitor,CYP2D6 inhibitor,CYP3A4 inhibitor,log Kp (cm/s),Lipinski #violations,Ghose #violations,Veber #violations,Egan #violations,Muegge #violations,Bioavailability Score,PAINS #alerts,Brenk #alerts,Leadlikeness #violations,Synthetic Accessibility
Molecule 1,B(C1=CC=C(C=C1)C=O)(O)O,C7H7BO3,149.94,11,6,0,2,3,2,41.66,57.53,0,0.29,-0.82,-0.36,-0.6,-0.3,-1.22,8.95E+00,5.97E-02,Very soluble,-1.06,1.31E+01,8.70E-02,Very soluble,-1.22,9.08E+00,6.05E-02,Soluble,High,No,No,No,No,No,No,No,-7.01,0,3,0,0,1,0.55,0,2,1,1.35
Molecule 2,C(=CC(=O)O)C(=O)O,C4H4O4,116.07,8,0,0,2,4,2,24.41,74.6,0.32,-0.34,-0.29,-0.64,-0.81,-0.35,-0.21,7.10E+01,6.12E-01,Very soluble,-0.76,1.99E+01,1.72E-01,Very soluble,1.34,2.52E+03,2.17E+01,Soluble,High,No,No,No,No,No,No,No,-7.25,0,3,0,0,2,0.85,0,1,1,1.8
Molecule 3,C(=O)(C(=O)O)O,C2H2O4,90.03,6,0,0,1,4,2,15.27,74.6,-0.35,-0.25,-0.84,-1.51,-0.97,-0.79,-0.17,6.02E+01,6.69E-01,Very soluble,-0.86,1.25E+01,1.39E-01,Very soluble,1.47,2.66E+03,2.95E+01,Soluble,High,No,No,No,No,No,No,No,-7.03,0,4,0,0,2,0.85,0,1,1,1
Molecule 4,C(=O)(N)N,CH4N2O,60.06,4,0,0,0,1,2,12.92,69.11,-0.01,-1.43,-0.98,-1.6,-0.92,-0.99,0.69,2.93E+02,4.88E+00,Highly soluble,0.48,1.82E+02,3.03E+00,Highly soluble,1.06,6.96E+02,1.16E+01,Soluble,High,No,No,No,No,No,No,No,-7.68,0,4,0,0,2,0.55,0,0,1,1
Molecule 5,C(=S)(N)N,CH4N2S,76.12,4,0,0,0,0,2,20.13,84.13,0.47,-0.83,-0.81,-1.53,0.54,-0.43,0.21,1.24E+02,1.63E+00,Highly soluble,-0.46,2.66E+01,3.49E-01,Very soluble,0.81,4.97E+02,6.53E+00,Soluble,High,No,No,No,No,No,No,No,-7.35,0,4,0,0,2,0.55,0,1,1,1.28
Molecule 6,C(C(=O)N)C(=O)N,C3H6N2O2,102.09,7,0,0.33,2,2,2,22.35,86.18,-0.51,-1.82,-1.65,-1.81,-1.37,-1.43,0.81,6.53E+02,6.39E+00,Highly soluble,0.53,3.44E+02,3.37E+00,Highly soluble,0.61,4.17E+02,4.08E+00,Soluble,High,No,No,No,No,No,No,No,-8.21,0,4,0,0,2,0.55,0,1,1,1
Molecule 7,C(C(=O)N)O,C2H5NO2,75.07,5,0,0.5,1,2,2,15.8,63.32,0.47,-1.51,-1.54,-1.77,-1.04,-1.08,0.71,3.87E+02,5.15E+00,Highly soluble,0.69,3.64E+02,4.85E+00,Highly soluble,0.83,5.10E+02,6.79E+00,Soluble,High,No,No,No,No,No,No,No,-7.83,0,4,0,0,2,0.55,0,0,1,1
Molecule 8,C(C(=O)O)C(=O)O,C3H4O4,104.06,7,0,0.33,2,4,2,20.08,74.6,-0.08,-0.81,-0.45,-0.99,-0.89,-0.65,0.16,1.49E+02,1.44E+00,Highly soluble,-0.28,5.50E+01,5.28E-01,Very soluble,1.04,1.14E+03,1.10E+01,Soluble,High,No,No,No,No,No,No,No,-7.51,0,4,0,0,2,0.85,0,1,1,1
Molecule 9,C(C(=O)O)C(CC(=O)O)(C(=O)O)O,C6H8O7,192.12,13,0,0.5,5,7,4,37.47,132.13,-1.49,-1.72,-1.25,-1.48,-1.6,-1.51,0.38,4.63E+02,2.41E+00,Highly soluble,-0.54,5.53E+01,2.88E-01,Very soluble,1.71,9.90E+03,5.15E+01,Soluble,Low,No,No,No,No,No,No,No,-8.69,0,2,0,1,1,0.56,0,0,1,2.18
Molecule 10,C(C(=O)O)N,C2H5NO2,75.07,5,0,0.5,1,3,2,16.21,63.32,0.37,-3.21,-0.97,-3.58,-1.04,-1.69,1.78,4.55E+03,6.07E+01,Highly soluble,2.45,2.12E+04,2.82E+02,Highly soluble,0.83,5.10E+02,6.79E+00,Soluble,High,No,No,No,No,No,No,No,-9.04,0,4,0,0,3,0.55,0,0,1,1
Molecule 11,C(C(=O)O)O,C2H4O3,76.05,5,0,0.5,1,3,2,14.66,57.53,0.24,-1.11,-0.94,-1.37,-0.81,-0.8,0.45,2.16E+02,2.84E+00,Highly soluble,0.39,1.88E+02,2.47E+00,Highly soluble,1.04,8.44E+02,1.11E+01,Soluble,High,No,No,No,No,No,No,No,-7.55,0,4,0,0,2,0.85,0,0,1,1
Molecule 12,C(C(C(=O)O)N)C(=O)N,C4H8N2O3,132.12,9,0,0.5,3,4,3,28.73,106.41,-0.32,-3.41,-1.73,-3.99,-1.73,-2.24,1.69,6.43E+03,4.87E+01,Highly soluble,1.75,7.48E+03,5.66E+01,Highly soluble,1.1,1.65E+03,1.25E+01,Soluble,High,No,No,No,No,No,No,No,-9.53,0,4,0,0,3,0.55,0,0,1,1.72
Molecule 13,C(C(C(=O)O)N)C(=O)O,C4H7NO4,133.1,9,0,0.5,3,5,3,27.59,100.62,-0.14,-3.89,-1.13,-3.59,-1.49,-2.05,1.98,1.28E+04,9.63E+01,Highly soluble,2.37,3.14E+04,2.36E+02,Highly soluble,1.31,2.73E+03,2.05E+01,Soluble,High,No,No,No,No,No,No,No,-9.87,0,4,0,0,3,0.56,0,0,1,1.8
Molecule 14,C(C(C(=O)O)O)(C(=O)O)O,C4H6O6,150.09,10,0,0.5,3,6,4,27.21,115.06,-0.83,-1.88,-2.12,-2.18,-1.88,-1.78,0.61,6.14E+02,4.09E+00,Highly soluble,-0.02,1.44E+02,9.63E-01,Very soluble,2.44,4.17E+04,2.78E+02,Soluble,Low,No,No,No,No,No,No,No,-8.55,0,4,0,0,2,0.56,0,0,1,2.57
Molecule 15,C(C(C(=O)O)O)C(=O)O,C4H6O5,134.09,9,0,0.5,3,5,3,26.05,94.83,-0.01,-1.26,-1.09,-1.37,-1.25,-1,0.32,2.80E+02,2.09E+00,Highly soluble,-0.24,7.80E+01,5.82E-01,Very soluble,1.53,4.51E+03,3.37E+01,Soluble,High,No,No,No,No,No,No,No,-8.01,0,4,0,0,2,0.56,0,0,1,2.27
Molecule 16,C(C(C(C(=O)O)O)C(=O)O)C(=O)O,C6H8O7,192.12,13,0,0.5,5,7,4,37.43,132.13,-0.06,-1.8,-1.39,-1.48,-1.61,-1.27,0.43,5.20E+02,2.71E+00,Highly soluble,-0.46,6.69E+01,3.48E-01,Very soluble,2.07,2.25E+04,1.17E+02,Soluble,Low,No,No,No,No,No,No,No,-8.75,0,2,0,1,1,0.56,0,0,1,2.9
Molecule 17,C(C(C(C(C(CO)O)O)O)O)O,C6H14O6,182.17,12,0,1,5,6,6,37.93,121.38,0.34,-3.1,-3.59,-2.77,-1.91,-2.21,1.31,3.75E+03,2.06E+01,Highly soluble,1.12,2.38E+03,1.31E+01,Highly soluble,2.57,6.71E+04,3.68E+02,Soluble,Low,No,No,No,No,No,No,No,-9.61,1,2,0,0,3,0.55,0,0,1,3.3
Molecule 18,C(C(C1C(=C(C(=O)O1)O)O)O)O,C6H8O6,176.12,12,0,0.5,2,6,4,35.12,107.22,0.39,-1.64,-1.41,-2.6,-1.15,-1.28,0.23,3.01E+02,1.71E+00,Highly soluble,-0.1,1.40E+02,7.93E-01,Very soluble,1.49,5.46E+03,3.10E+01,Soluble,High,No,No,No,No,No,No,No,-8.54,0,2,0,0,1,0.56,0,0,1,3.47
Molecule 19,C(C(CO)(CO)N)O,C4H11NO3,121.14,8,0,1,3,4,4,27.57,86.71,0.68,-2.88,-2.34,-1.91,-1.5,-1.59,1.42,3.20E+03,2.64E+01,Highly soluble,1.62,5.01E+03,4.13E+01,Highly soluble,0.99,1.18E+03,9.73E+00,Soluble,Low,No,No,No,No,No,No,No,-9.08,0,4,0,0,3,0.55,0,0,1,1
Molecule 20,C(C1C(C(C(C(O1)O)O)O)O)O,C6H12O6,180.16,12,0,1,1,6,5,35.74,110.38,0.24,-3.24,-3.22,-2.75,-2.3,-2.26,1.15,2.55E+03,1.41E+01,Highly soluble,1.49,5.61E+03,3.11E+01,Highly soluble,2.62,7.42E+04,4.12E+02,Soluble,Low,No,Yes,No,No,No,No,No,-9.7,0,2,0,0,2,0.55,0,0,1,4.08
Molecule 21,C(C1C(C(C(C(O1)OC2(C(C(C(O2)CO)O)O)CO)O)O)O)O,C12H22O11,342.3,23,0,1,5,11,8,68.16,189.53,1.04,-3.7,-5.4,-4.37,-3.86,-3.26,0.7,1.71E+03,5.00E+00,Highly soluble,0.31,6.96E+02,2.03E+00,Highly soluble,3.67,1.62E+06,4.73E+03,Soluble,Low,No,Yes,No,No,No,No,No,-11.02,2,1,1,1,4,0.17,0,0,0,5.16
Molecule 22,C(C1C(C(C(C(O1)OC2C(OC(C(C2O)O)O)CO)O)O)O)O,C12H22O11,342.3,23,0,1,4,11,8,68.12,189.53,0.76,-3.57,-5.4,-4.37,-4.4,-3.39,0.55,1.22E+03,3.56E+00,Highly soluble,0.17,5.10E+02,1.49E+00,Highly soluble,4.25,6.10E+06,1.78E+04,Soluble,Low,No,Yes,No,No,No,No,No,-10.92,2,1,1,1,4,0.17,0,0,0,5.41
Molecule 23,C(C1C(C(C(C(O1)OC2C(OC(C2O)(CO)O)CO)O)O)O)O,C12H22O11,342.3,23,0,1,5,11,8,68.16,189.53,-0.01,-4.25,-5.4,-4.37,-3.86,-3.58,1.05,3.80E+03,1.11E+01,Highly soluble,0.88,2.59E+03,7.57E+00,Highly soluble,3.67,1.62E+06,4.73E+03,Soluble,Low,No,Yes,No,No,No,No,No,-11.41,2,1,1,1,4,0.17,0,0,0,5.29
Molecule 24,C(CC(=O)N)C(=O)N,C4H8N2O2,116.12,8,0,0.5,3,2,2,27.16,86.18,0.24,-2.08,-1.26,-1.35,-1.1,-1.11,0.95,1.03E+03,8.88E+00,Highly soluble,0.8,7.28E+02,6.27E+00,Highly soluble,0.18,1.78E+02,1.53E+00,Soluble,High,No,No,No,No,No,No,No,-8.49,0,4,0,0,3,0.55,0,0,1,1
Molecule 25,C(CC(=O)N)C(C(=O)O)N,C5H10N2O3,146.14,10,0,0.6,4,4,3,33.54,106.41,0.43,-3.15,-1.34,-3.58,-1.42,-1.81,1.5,4.65E+03,3.18E+01,Highly soluble,1.48,4.44E+03,3.04E+01,Highly soluble,0.68,6.98E+02,4.78E+00,Soluble,High,No,No,No,No,No,No,No,-9.43,0,3,0,0,2,0.55,0,0,1,1.76
Molecule 26,C(CC(=O)O)C(=O)C(=O)O,C5H6O5,146.1,10,0,0.4,4,5,2,29.89,91.67,-0.09,-0.9,-0.5,-1.06,-0.62,-0.63,0.09,1.78E+02,1.22E+00,Highly soluble,-0.54,4.19E+01,2.87E-01,Very soluble,0.64,6.32E+02,4.33E+00,Soluble,High,No,No,No,No,No,No,No,-7.83,0,4,0,0,1,0.56,0,1,1,1.61
Molecule 27,C(CC(=O)O)C(=O)O,C4H6O4,118.09,8,0,0.5,3,4,2,24.89,74.6,0.32,-0.59,-0.06,-0.54,-0.63,-0.3,0,1.17E+02,9.94E-01,Very soluble,-0.51,3.69E+01,3.12E-01,Very soluble,0.61,4.86E+02,4.11E+00,Soluble,High,No,No,No,No,No,No,No,-7.44,0,3,0,0,2,0.85,0,0,1,1.29
Molecule 28,C(CC(=O)O)C(C(=O)O)N,C5H9NO4,147.13,10,0,0.6,4,5,3,32.4,100.62,0.41,-3.69,-0.74,-3.18,-1.19,-1.68,1.84,1.01E+04,6.86E+01,Highly soluble,2.16,2.15E+04,1.46E+02,Highly soluble,0.89,1.15E+03,7.83E+00,Soluble,High,No,No,No,No,No,No,No,-9.82,0,4,0,0,2,0.56,0,0,1,1.81
Molecule 29,C(CC(=O)O)CC(=O)O,C5H8O4,132.11,9,0,0.6,4,4,2,29.69,74.6,0.45,-0.29,0.33,-0.13,-0.29,0.01,-0.21,8.10E+01,6.13E-01,Very soluble,-0.82,2.01E+01,1.52E-01,Very soluble,0.19,2.06E+02,1.56E+00,Soluble,High,No,No,No,No,No,No,No,-7.31,0,3,0,0,1,0.85,0,0,1,1.29
Molecule 30,C(CC(=O)O)CN,C4H9NO2,103.12,7,0,0.75,3,3,2,25.82,63.32,0.72,-3.17,-0.19,-0.39,-0.56,-0.72,1.72,5.36E+03,5.20E+01,Highly soluble,2.41,2.64E+04,2.56E+02,Highly soluble,-0.04,9.51E+01,9.23E-01,Soluble,High,No,No,No,No,No,No,No,-9.18,0,3,0,0,3,0.55,0,0,1,1
Molecule 31,C(CC(C(=O)O)N)CN=C(N)N,C6H14N4O2,174.2,12,0,0.67,5,4,4,44.54,127.72,0.04,-4.19,-1.55,-3.21,-1.5,-2.08,2.05,1.95E+04,1.12E+02,Highly soluble,2.11,2.27E+04,1.30E+02,Highly soluble,0.47,5.14E+02,2.95E+00,Soluble,Low,No,No,No,No,No,No,No,-10.34,0,1,0,0,2,0.55,0,2,1,2.47
Molecule 32,C(CCC(=O)O)CC(=O)O,C6H10O4,146.14,10,0,0.67,5,4,2,34.5,74.6,0.77,0.08,0.72,0.25,0.08,0.38,-0.47,4.99E+01,3.42E-01,Very soluble,-1.2,9.20E+00,6.30E-02,Very soluble,-0.23,8.71E+01,5.96E-01,Soluble,High,No,No,No,No,No,No,No,-7.13,0,2,0,0,1,0.85,0,0,1,1.17
Molecule 33,C(CCC(=O)O)CCC(=O)O,C7H12O4,160.17,11,0,0.71,6,4,2,39.31,74.6,0.94,0.61,1.11,0.6,0.47,0.75,-0.82,2.42E+01,1.51E-01,Very soluble,-1.75,2.84E+00,1.78E-02,Very soluble,-0.64,3.67E+01,2.29E-01,Soluble,High,No,No,No,No,No,No,No,-6.84,0,1,0,0,1,0.85,0,0,1,1.37
Molecule 34,C(CCCC(=O)O)CCC(=O)O,C8H14O4,174.19,12,0,0.75,7,4,2,44.11,74.6,1.15,1.03,1.5,0.93,0.88,1.1,-1.11,1.36E+01,7.82E-02,Very soluble,-2.19,1.13E+00,6.51E-03,Soluble,-1.05,1.54E+01,8.85E-02,Soluble,High,No,No,No,No,No,No,No,-6.63,0,0,0,0,1,0.85,0,0,1,1.47
Molecule 35,C(CCCC(=O)O)CCCC(=O)O,C9H16O4,188.22,13,0,0.78,8,4,2,48.92,74.6,1.44,1.57,1.89,1.25,1.29,1.49,-1.47,6.41E+00,3.40E-02,Very soluble,-2.75,3.37E-01,1.79E-03,Soluble,-1.46,6.48E+00,3.44E-02,Soluble,High,Yes,No,No,No,No,No,No,-6.33,0,0,0,0,1,0.85,0,0,2,1.57
Molecule 36,C(CCCCC(=O)O)CCCC(=O)O,C10H18O4,202.25,14,0,0.8,9,4,2,53.73,74.6,1.77,2.11,2.28,1.55,1.71,1.88,-1.83,3.00E+00,1.48E-02,Very soluble,-3.31,9.97E-02,4.93E-04,Soluble,-1.87,2.72E+00,1.35E-02,Soluble,High,Yes,No,No,No,No,No,No,-6.04,0,0,0,0,0,0.85,0,0,2,1.67
Molecule 37,C(CCCCCC(=O)O)CCCCC(=O)O,C12H22O4,230.3,16,0,0.83,11,4,2,63.34,74.6,1.83,3.19,3.06,2.13,2.56,2.55,-2.55,6.47E-01,2.81E-03,Soluble,-4.43,8.59E-03,3.73E-05,Moderately soluble,-2.68,4.78E-01,2.07E-03,Soluble,High,Yes,No,No,No,No,No,No,-5.44,0,0,1,0,0,0.85,0,0,2,1.87
Molecule 38,C(CCN)CC(C(=O)O)N,C6H14N2O2,146.19,10,0,0.83,5,4,3,38.14,89.34,0.98,-3.05,-0.47,-2.67,-0.72,-1.19,1.51,4.68E+03,3.20E+01,Highly soluble,1.74,7.99E+03,5.47E+01,Highly soluble,-0.18,9.61E+01,6.58E-01,Soluble,High,No,No,No,No,No,No,No,-9.36,0,3,0,0,2,0.55,0,0,1,1.75
Molecule 39,C(CO)N,C2H7NO,61.08,4,0,1,1,2,2,15.6,46.25,0.75,-1.31,-1.06,-1.15,-0.88,-0.73,0.67,2.87E+02,4.71E+00,Highly soluble,0.84,4.20E+02,6.87E+00,Highly soluble,0.42,1.59E+02,2.61E+00,Soluble,High,No,No,No,No,No,No,No,-7.6,0,4,0,0,2,0.55,0,0,1,1
Molecule 40,C(CS(=O)(=O)O)S(=O)(=O)O,C2H6O6S2,190.2,10,0,1,3,6,2,32.8,125.5,-1.47,-2,0.92,-1.72,-1.24,-1.1,0.44,5.22E+02,2.75E+00,Highly soluble,-0.11,1.47E+02,7.74E-01,Very soluble,0.61,7.69E+02,4.05E+00,Soluble,High,No,No,No,No,No,No,No,-8.88,0,2,0,0,2,0.56,0,1,1,2.46
Molecule 41,C1(=C(C(=C(C(=C1F)F)F)F)F)C(=O)O,C7HF5O2,212.07,14,6,0,1,7,1,33.19,37.3,0.98,1.95,4.18,3.74,3.41,2.85,-2.63,4.92E-01,2.32E-03,Soluble,-2.36,9.30E-01,4.39E-03,Soluble,-3.17,1.42E-01,6.68E-04,Soluble,High,Yes,No,No,No,No,No,No,-6.21,0,2,0,0,0,0.85,0,2,1,1.43
Molecule 42,C1(=C(C(=O)C(=C(C1=O)Br)O)Br)O,C6H2Br2O4,297.89,12,0,0,0,4,2,47.18,74.6,1.08,1.54,1.47,-0.95,1.3,0.89,-2.66,6.56E-01,2.20E-03,Soluble,-2.72,5.73E-01,1.92E-03,Soluble,-1.81,4.61E+00,1.55E-02,Soluble,High,No,No,Yes,No,No,No,Yes,-7.02,0,1,0,0,0,0.85,2,1,0,3.29
Molecule 43,C1(=NC(=NC(=N1)N)N)N,C3H6N6,126.12,9,6,0,0,3,3,33.04,116.73,0.38,-1.37,-1.36,-2.73,-1.28,-1.27,-0.25,7.06E+01,5.60E-01,Very soluble,-0.58,3.31E+01,2.62E-01,Very soluble,-0.16,8.69E+01,6.89E-01,Soluble,High,No,No,No,No,No,No,No,-8.04,0,4,0,0,2,0.55,0,0,1,1.9
Molecule 44,C1(C(C(OC(C1O)O)C(=O)O)O)O,C6H10O7,194.14,13,0,0.83,1,7,5,36.35,127.45,-0.19,-2.34,-3.13,-2.89,-2.72,-2.25,0.5,6.09E+02,3.14E+00,Highly soluble,0.2,3.08E+02,1.59E+00,Highly soluble,3.07,2.26E+05,1.16E+03,Soluble,Low,No,Yes,No,No,No,No,No,-9.15,0,2,0,0,2,0.56,0,0,1,3.94
Molecule 45,C1=C(C(=C(C(=C1F)F)F)F)C(=O)O,C7H2F4O2,194.08,13,6,0,1,6,1,33.23,37.3,1.12,1.85,3.62,3.32,2.95,2.57,-2.48,6.36E-01,3.28E-03,Soluble,-2.25,1.08E+00,5.57E-03,Soluble,-2.89,2.49E-01,1.28E-03,Soluble,High,Yes,No,No,No,No,No,No,-6.17,0,2,0,0,1,0.85,0,2,1,1.43
Molecule 46,C1=C(C(=CC(=C1C#N)C#N)C#N)C#N,C10H2N4,178.15,14,6,0,0,4,0,45.3,95.16,0.69,0.8,1.17,-0.51,1.78,0.79,-1.77,3.06E+00,1.72E-02,Very soluble,-2.38,7.43E-01,4.17E-03,Soluble,-2.74,3.24E-01,1.82E-03,Soluble,High,No,No,Yes,No,No,No,Yes,-6.82,0,1,0,0,1,0.55,0,0,1,1.58
Molecule 47,C1=C(C=C(C(=C1C(=O)O)O)[N+](=O)[O-])[N+](=O)[O-],C7H4N2O7,228.12,16,6,0,3,7,2,53.07,149.17,-0.16,1.71,0.91,-0.93,-3.41,-0.38,-2.41,8.85E-01,3.88E-03,Soluble,-4.46,7.94E-03,3.48E-05,Moderately soluble,0.04,2.47E+02,1.08E+00,Soluble,Low,No,No,No,No,No,No,No,-6.48,0,0,1,1,0,0.56,0,2,1,2.14
Molecule 48,C1=C(C=C(C(=C1F)F)F)C(=O)O,C7H3F3O2,176.09,12,6,0,1,5,1,33.28,37.3,1.25,1.75,3.06,2.9,2.5,2.29,-2.34,8.08E-01,4.59E-03,Soluble,-2.15,1.25E+00,7.07E-03,Soluble,-2.61,4.36E-01,2.48E-03,Soluble,High,Yes,No,No,No,No,No,No,-6.13,0,2,0,0,1,0.85,0,1,1,1.29
Molecule 49,C1=C(C=C(C(=C1O)C(=O)O)O)O,C7H6O5,170.12,12,6,0,1,5,4,39.47,97.99,0.18,1.84,0.5,-0.16,-0.2,0.43,-2.36,7.46E-01,4.39E-03,Soluble,-3.52,5.16E-02,3.03E-04,Soluble,-0.04,1.55E+02,9.10E-01,Soluble,High,No,No,No,No,No,No,Yes,-6.03,0,2,0,0,1,0.56,0,0,1,1.13
Molecule 50,C1=C(C=C(C(=C1O)O)O)C(=O)O,C7H6O5,170.12,12,6,0,1,5,4,39.47,97.99,0.21,0.7,0.5,-0.16,-0.2,0.21,-1.64,3.90E+00,2.29E-02,Very soluble,-2.34,7.86E-01,4.62E-03,Soluble,-0.04,1.55E+02,9.10E-01,Soluble,High,No,No,No,No,No,No,Yes,-6.84,0,2,0,0,1,0.56,1,1,1,1.22
Molecule 51,C1=C(C=C(C(=C1O)O)O)C2=C(C(=O)C3=C(C=C(C=C3O2)O)O)O,C15H10O8,318.24,23,16,0,1,8,6,80.06,151.59,1.08,1.18,1.69,-1.08,1.06,0.79,-3.01,3.14E-01,9.88E-04,Soluble,-3.96,3.50E-02,1.10E-04,Soluble,-2.66,6.98E-01,2.19E-03,Soluble,Low,No,No,Yes,No,No,No,Yes,-7.4,1,0,1,1,2,0.55,1,1,0,3.27
Molecule 52,C1=C(C=C(C=C1C(=O)O)C(=O)O)C(=O)O,C9H6O6,210.14,15,6,0,3,6,3,47.32,111.9,0.18,0.5,0.78,0.87,0.07,0.48,-1.56,5.84E+00,2.78E-02,Very soluble,-2.42,7.99E-01,3.80E-03,Soluble,-0.53,6.26E+01,2.98E-01,Soluble,High,No,No,No,No,No,No,No,-7.23,0,0,0,0,0,0.56,0,0,1,1.15
Molecule 53,C1=C(C=C(C=C1C(=O)O)[N+](=O)[O-])C(=O)O,C8H5NO6,211.13,15,6,0,3,6,2,49.18,120.42,0.31,1.25,0.99,0.23,-1.47,0.26,-2.03,1.95E+00,9.24E-03,Soluble,-3.38,8.86E-02,4.20E-04,Soluble,-0.53,6.19E+01,2.93E-01,Soluble,High,No,No,No,No,No,No,No,-6.7,0,0,0,0,0,0.56,0,2,1,1.88
Molecule 54,C1=C(C=C(C=C1O)O)C(=O)O,C7H6O4,154.12,11,6,0,1,4,3,37.45,77.76,-0.03,0.86,0.8,0.4,0.26,0.46,-1.67,3.26E+00,2.11E-02,Very soluble,-2.08,1.29E+00,8.38E-03,Soluble,-0.6,3.83E+01,2.48E-01,Soluble,High,No,No,No,No,No,No,No,-6.63,0,3,0,0,1,0.56,0,0,1,1.01
Molecule 55,C1=C(C=C(C=C1O)O)O,C6H6O3,126.11,9,6,0,0,3,3,32.51,60.69,0.66,0.16,0.8,0.18,0.43,0.45,-1.22,7.67E+00,6.08E-02,Very soluble,-0.99,1.29E+01,1.02E-01,Very soluble,-0.63,2.96E+01,2.34E-01,Soluble,High,Yes,No,No,No,No,No,Yes,-6.96,0,3,0,0,1,0.55,0,0,1,1
Molecule 56,C1=C(C=C(C=C1[N+](=O)[O-])[N+](=O)[O-])C(=O)O,C7H4N2O6,212.12,15,6,0,3,6,1,51.05,128.94,0.21,1.55,1.2,-0.42,-2.98,-0.09,-2.23,1.25E+00,5.89E-03,Soluble,-3.87,2.88E-02,1.36E-04,Soluble,-0.54,6.12E+01,2.88E-01,Soluble,High,No,No,No,No,No,No,No,-6.49,0,1,0,0,0,0.56,0,2,1,2.06
Molecule 57,C1=C(C=NC(=C1Br)N)Br,C5H4Br2N2,251.91,9,6,0,0,1,1,44.04,38.91,1.96,1.89,2.2,1.76,2.06,1.97,-3.09,2.07E-01,8.21E-04,Soluble,-2.33,1.18E+00,4.68E-03,Soluble,-3.38,1.06E-01,4.22E-04,Soluble,High,Yes,No,Yes,No,No,No,No,-6.49,0,1,0,0,0,0.55,0,0,0,1.71
Molecule 58,C1=C(C=NN1)Br,C3H3BrN2,146.97,6,5,0,0,1,1,26.29,28.68,0.74,0.28,1.17,0.41,1.95,0.91,-1.54,4.20E+00,2.86E-02,Very soluble,-0.44,5.29E+01,3.60E-01,Very soluble,-2.07,1.26E+00,8.59E-03,Soluble,High,Yes,No,No,No,No,No,No,-7,0,3,0,0,2,0.55,0,0,1,1.15
Molecule 59,C1=C(C=NN1)I,C3H3IN2,193.97,6,5,0,0,1,1,31.3,28.68,0.69,0.87,1.01,0.61,2.24,1.08,-2.21,1.20E+00,6.20E-03,Soluble,-1.06,1.70E+01,8.78E-02,Very soluble,-2.19,1.26E+00,6.49E-03,Soluble,High,Yes,No,No,No,No,No,No,-6.87,0,2,0,0,2,0.55,0,1,1,1.86
Molecule 60,C1=C(N=C(N=C1Cl)N)N,C4H5ClN4,144.56,9,6,0,0,2,2,35.85,77.82,0.93,0.47,0.31,-0.63,0.28,0.27,-1.53,4.31E+00,2.98E-02,Very soluble,-1.67,3.07E+00,2.12E-02,Very soluble,-1.53,4.30E+00,2.97E-02,Soluble,High,No,No,No,No,No,No,No,-6.85,0,3,0,0,2,0.55,0,0,1,1.92
Molecule 61,C1=C(NC(=O)N=C1)N,C4H5N3O,111.1,8,6,0,0,2,2,29.26,71.77,0.22,-1.73,-0.64,-1.26,0.49,-0.58,0.01,1.13E+02,1.01E+00,Highly soluble,0.74,6.06E+02,5.46E+00,Highly soluble,-1.14,8.07E+00,7.26E-02,Soluble,High,No,No,No,No,No,No,No,-8.21,0,4,0,0,2,0.55,0,0,1,1.47
Molecule 62,C1=C(NC=N1)CC(C(=O)O)N,C6H9N3O2,155.15,11,5,0.33,3,4,3,37.65,92,-0.03,-3.23,-0.64,-3.74,-0.06,-1.54,1.09,1.93E+03,1.24E+01,Highly soluble,1.87,1.15E+04,7.39E+01,Highly soluble,-0.69,3.18E+01,2.05E-01,Soluble,High,No,No,No,No,No,No,No,-9.54,0,3,0,0,2,0.55,0,0,1,2.29
Molecule 63,C1=C(NN=C1C(=O)O)C(=O)O,C5H4N2O4,156.1,11,5,0,2,5,3,32.51,103.28,-0.38,-0.07,-0.19,-1.05,-0.21,-0.38,-0.97,1.68E+01,1.08E-01,Very soluble,-1.65,3.52E+00,2.25E-02,Very soluble,0.03,1.68E+02,1.07E+00,Soluble,High,No,No,No,No,No,No,No,-7.3,0,3,0,0,1,0.56,0,0,1,1.61
Molecule 64,C1=CC(=C(C(=C1)F)F)C(=O)O,C7H4F2O2,158.1,11,6,0,1,4,1,33.32,37.3,1.06,1.87,2.5,2.47,2.06,1.99,-2.34,7.29E-01,4.61E-03,Soluble,-2.27,8.39E-01,5.31E-03,Soluble,-2.32,7.64E-01,4.83E-03,Soluble,High,Yes,No,No,No,No,No,No,-5.94,0,3,0,0,1,0.85,0,0,1,1.18
Molecule 65,C1=CC(=C(C(=C1)O)C(=O)O)O,C7H6O4,154.12,11,6,0,1,4,3,37.45,77.76,0.8,2.2,0.8,0.4,0.26,0.89,-2.52,4.66E-01,3.03E-03,Soluble,-3.47,5.26E-02,3.41E-04,Soluble,-0.6,3.83E+01,2.48E-01,Soluble,High,No,No,No,No,No,No,Yes,-5.68,0,3,0,0,1,0.56,0,0,1,1
Molecule 66,C1=CC(=C(C(=C1)O)O)C(=O)O,C7H6O4,154.12,11,6,0,1,4,3,37.45,77.76,1.09,1.2,0.8,0.4,0.26,0.75,-1.89,1.99E+00,1.29E-02,Very soluble,-2.43,5.73E-01,3.72E-03,Soluble,-0.6,3.83E+01,2.48E-01,Soluble,High,No,No,No,No,No,No,Yes,-6.39,0,3,0,0,1,0.56,1,1,1,1.09
Molecule 67,C1=CC(=C(C(=C1)O)O)O,C6H6O3,126.11,9,6,0,0,3,3,32.51,60.69,0.97,0.52,0.8,0.18,0.43,0.58,-1.44,4.55E+00,3.61E-02,Very soluble,-1.37,5.44E+00,4.31E-02,Very soluble,-0.63,2.96E+01,2.34E-01,Soluble,High,Yes,No,No,No,No,No,Yes,-6.7,0,3,0,0,1,0.55,1,1,1,1
Molecule 68,C1=CC(=C(C(=C1)[N+](=O)[O-])C(=O)O)C(=O)O,C8H5NO6,211.13,15,6,0,3,6,2,49.18,120.42,-0.09,0.75,0.99,0.23,-1.47,0.08,-1.72,4.03E+00,1.91E-02,Very soluble,-2.86,2.93E-01,1.39E-03,Soluble,-0.53,6.19E+01,2.93E-01,Soluble,High,No,No,No,No,No,No,No,-7.06,0,0,0,0,0,0.56,0,2,1,2.06
Molecule 69,C1=CC(=C(C=C1C(=O)O)O)O,C7H6O4,154.12,11,6,0,1,4,3,37.45,77.76,0.66,1.15,0.8,0.4,0.26,0.65,-1.86,2.14E+00,1.39E-02,Very soluble,-2.38,6.46E-01,4.19E-03,Soluble,-0.6,3.83E+01,2.48E-01,Soluble,High,No,No,No,No,No,No,Yes,-6.42,0,3,0,0,1,0.56,1,1,1,1.07
Molecule 70,C1=CC(=C(C=C1C(=O)O)[N+](=O)[O-])Cl,C7H4ClNO4,201.56,13,6,0,2,4,1,47.23,83.12,0.78,1.99,1.95,1.11,-0.26,1.11,-2.55,5.64E-01,2.80E-03,Soluble,-3.36,8.76E-02,4.35E-04,Soluble,-1.77,3.40E+00,1.69E-02,Soluble,High,No,No,No,No,No,No,No,-6.12,0,1,0,0,0,0.56,0,2,1,1.71
Molecule 71,C1=CC(=C(C=C1C(=O)O)[N+](=O)[O-])F,C7H4FNO4,185.11,13,6,0,2,5,1,42.18,83.12,0.65,1.29,1.85,0.94,-0.48,0.85,-2.01,1.81E+00,9.77E-03,Soluble,-2.64,4.29E-01,2.32E-03,Soluble,-1.43,6.85E+00,3.70E-02,Soluble,High,No,No,No,No,No,No,No,-6.51,0,1,0,0,1,0.56,0,2,1,1.76
Molecule 72,C1=CC(=C(C=C1C(=O)O)[N+](=O)[O-])N,C7H6N2O4,182.13,13,6,0,2,4,2,46.63,109.14,0.6,0.74,0.88,-1.15,-1.62,-0.11,-1.64,4.12E+00,2.26E-02,Very soluble,-2.61,4.46E-01,2.45E-03,Soluble,-0.79,2.93E+01,1.61E-01,Soluble,High,No,No,No,No,No,No,No,-6.89,0,1,0,0,1,0.56,0,3,1,1.86
Molecule 73,C1=CC(=C(C=C1C(=O)O)[N+](=O)[O-])O,C7H5NO5,183.12,13,6,0,2,5,2,44.25,103.35,0.36,1.85,1,-0.04,-1.38,0.36,-2.35,8.17E-01,4.46E-03,Soluble,-3.64,4.18E-02,2.28E-04,Soluble,-0.58,4.85E+01,2.65E-01,Soluble,High,No,No,No,No,No,No,No,-6.1,0,1,0,0,1,0.56,0,2,1,1.74
Molecule 74,C1=CC(=C(C=C1C2=C(C(=O)C3=C(C=C(C=C3O2)O)O)O)O)O,C15H10O7,302.24,22,16,0,1,7,5,78.03,131.36,1.63,1.54,1.99,-0.56,1.54,1.23,-3.16,2.11E-01,6.98E-04,Soluble,-3.91,3.74E-02,1.24E-04,Soluble,-3.24,1.73E-01,5.73E-04,Soluble,High,No,No,Yes,No,No,Yes,Yes,-7.05,0,0,0,0,0,0.55,1,1,0,3.23
Molecule 75,C1=CC(=C(C=C1C=CC(=O)O)O)O,C9H8O4,180.16,13,6,0,2,4,3,47.16,77.76,0.97,1.15,1.09,0.7,0.75,0.93,-1.89,2.32E+00,1.29E-02,Very soluble,-2.38,7.55E-01,4.19E-03,Soluble,-0.71,3.51E+01,1.95E-01,Soluble,High,No,No,No,No,No,No,No,-6.58,0,0,0,0,1,0.56,1,2,1,1.81
Molecule 76,C1=CC(=C(C=C1CCC(=O)O)O)O,C9H10O4,182.17,13,6,0.22,3,4,3,46.84,77.76,0.86,-0.54,1.11,0.79,0.93,0.63,-0.77,3.07E+01,1.69E-01,Very soluble,-0.62,4.33E+01,2.38E-01,Very soluble,-1.43,6.77E+00,3.72E-02,Soluble,High,No,No,No,No,No,No,No,-7.79,0,0,0,0,1,0.56,1,1,1,1.2
Molecule 77,C1=CC(=C(C=C1Cl)C(=O)O)O,C7H5ClO3,172.57,11,6,0,1,3,2,40.43,57.53,1.09,3.09,1.74,1.59,1.38,1.78,-3.19,1.10E-01,6.39E-04,Soluble,-3.97,1.87E-02,1.08E-04,Soluble,-1.81,2.69E+00,1.56E-02,Soluble,High,Yes,No,No,No,No,No,No,-5.16,0,1,0,0,1,0.85,0,0,1,1.18
Molecule 78,C1=CC(=C(C=C1F)C(=O)O)F,C7H4F2O2,158.1,11,6,0,1,4,1,33.32,37.3,1.22,2.07,2.5,2.47,2.06,2.06,-2.46,5.46E-01,3.45E-03,Soluble,-2.48,5.20E-01,3.29E-03,Soluble,-2.32,7.64E-01,4.83E-03,Soluble,High,Yes,No,No,No,No,No,No,-5.79,0,3,0,0,1,0.85,0,0,1,1.15
Molecule 79,C1=CC(=C(C=C1F)C(=O)O)O,C7H5FO3,156.11,11,6,0,1,4,2,35.38,57.53,1,2.2,1.65,1.42,1.16,1.49,-2.53,4.59E-01,2.94E-03,Soluble,-3.04,1.42E-01,9.07E-04,Soluble,-1.46,5.40E+00,3.46E-02,Soluble,High,Yes,No,No,No,No,No,No,-5.69,0,3,0,0,1,0.85,0,0,1,1.15
Molecule 80,C1=CC(=C(C=C1N)O)C(=O)O,C7H7NO3,153.14,11,6,0,1,3,3,39.83,83.55,0.84,1.32,0.68,-0.7,0.02,0.43,-1.96,1.68E+00,1.10E-02,Very soluble,-2.68,3.23E-01,2.11E-03,Soluble,-0.82,2.31E+01,1.51E-01,Soluble,High,No,No,No,No,No,No,No,-6.3,0,3,0,0,1,0.56,0,1,1,1.04
Molecule 81,C1=CC(=C(C=C1N)[N+](=O)[O-])F,C6H5FN2O2,156.11,11,6,0,1,3,1,39.63,71.84,0.71,1.08,1.74,0.7,-0.59,0.73,-1.83,2.33E+00,1.49E-02,Very soluble,-2.18,1.03E+00,6.60E-03,Soluble,-1.69,3.22E+00,2.07E-02,Soluble,High,Yes,No,No,No,No,No,No,-6.49,0,3,0,0,1,0.55,0,3,1,2.01
Molecule 82,C1=CC(=C(C=C1O)C(=O)O)O,C7H6O4,154.12,11,6,0,1,4,3,37.45,77.76,0.49,1.74,0.8,0.4,0.26,0.74,-2.23,9.09E-01,5.90E-03,Soluble,-2.99,1.58E-01,1.02E-03,Soluble,-0.6,3.83E+01,2.48E-01,Soluble,High,No,No,No,No,No,No,Yes,-6,0,3,0,0,1,0.56,0,1,1,1.1
Molecule 83,C1=CC(=C(C=C1O)O)C(=O)O,C7H6O4,154.12,11,6,0,1,4,3,37.45,77.76,0.75,1.63,0.8,0.4,0.26,0.77,-2.16,1.07E+00,6.92E-03,Soluble,-2.88,2.05E-01,1.33E-03,Soluble,-0.6,3.83E+01,2.48E-01,Soluble,High,No,No,No,No,No,No,Yes,-6.08,0,3,0,0,1,0.56,0,0,1,1.1
Molecule 84,C1=CC(=C(C=C1[N+](=O)[O-])C(=O)O)F,C7H4FNO4,185.11,13,6,0,2,5,1,42.18,83.12,0.73,1.5,1.85,0.94,-0.48,0.91,-2.14,1.33E+00,7.21E-03,Soluble,-2.85,2.60E-01,1.40E-03,Soluble,-1.43,6.85E+00,3.70E-02,Soluble,High,No,No,No,No,No,No,No,-6.36,0,1,0,0,1,0.56,0,2,1,1.74
Molecule 85,C1=CC(=C(C=C1[N+](=O)[O-])Cl)C(=O)O,C7H4ClNO4,201.56,13,6,0,2,4,1,47.23,83.12,0.86,2.03,1.95,1.11,-0.26,1.14,-2.58,5.32E-01,2.64E-03,Soluble,-3.4,7.96E-02,3.95E-04,Soluble,-1.77,3.40E+00,1.69E-02,Soluble,High,No,No,No,No,No,No,No,-6.09,0,1,0,0,0,0.56,0,2,1,1.68
Molecule 86,C1=CC(=C(C=C1[N+](=O)[O-])Cl)N,C6H5ClN2O2,172.57,11,6,0,1,2,1,44.68,71.84,1.2,2.14,1.84,0.88,-0.37,1.14,-2.6,4.38E-01,2.54E-03,Soluble,-3.28,9.05E-02,5.24E-04,Soluble,-2.03,1.61E+00,9.31E-03,Soluble,High,Yes,No,No,No,No,No,No,-5.83,0,1,0,0,1,0.55,0,3,1,1.91
Molecule 87,C1=CC(=C(C=C1[N+](=O)[O-])Cl)NC(=O)C2=C(C=CC(=C2)Cl)O,C13H8Cl2N2O4,327.12,21,12,0,4,4,2,81.52,95.15,2.09,5.32,3.67,2.44,1.22,2.95,-5.38,1.37E-03,4.18E-06,Moderately soluble,-7.07,2.78E-05,8.51E-08,Poorly soluble,-4.93,3.87E-03,1.18E-05,Moderately soluble,High,No,No,Yes,Yes,Yes,No,Yes,-4.52,0,0,0,0,1,0.55,0,2,1,2.01
Molecule 88,C1=CC(=C(C=C1[N+](=O)[O-])N)Cl,C6H5ClN2O2,172.57,11,6,0,1,2,1,44.68,71.84,1.19,2.23,1.84,0.88,-0.37,1.15,-2.65,3.84E-01,2.23E-03,Soluble,-3.37,7.30E-02,4.23E-04,Soluble,-2.03,1.61E+00,9.31E-03,Soluble,High,Yes,No,No,No,No,No,No,-5.77,0,1,0,0,1,0.55,0,3,1,2.08
Molecule 89,C1=CC(=CC(=C1)C#N)C#N,C8H4N2,128.13,10,6,0,0,2,0,35.87,47.58,1.43,0.8,1.43,0.77,1.78,1.24,-1.58,3.35E+00,2.62E-02,Very soluble,-1.38,5.33E+00,4.16E-02,Very soluble,-2.53,3.78E-01,2.95E-03,Soluble,High,Yes,No,Yes,No,No,No,Yes,-6.51,0,3,0,0,1,0.55,0,0,1,1.35
Molecule 90,C1=CC(=CC(=C1)C(=O)O)C(=O)O,C8H6O4,166.13,12,6,0,2,4,2,40.36,74.6,0.75,1.66,1.08,1.2,0.61,1.06,-2.15,1.17E+00,7.02E-03,Soluble,-2.84,2.40E-01,1.44E-03,Soluble,-1.14,1.21E+01,7.29E-02,Soluble,High,No,No,No,No,No,No,No,-6.13,0,1,0,0,1,0.85,0,0,1,1.06
Molecule 91,C1=CC(=CC(=C1)Cl)C(=O)O,C7H5ClO2,156.57,10,6,0,1,2,1,38.41,37.3,1.36,2.68,2.04,2.2,1.86,2.03,-2.88,2.08E-01,1.33E-03,Soluble,-3.12,1.20E-01,7.66E-04,Soluble,-2.37,6.63E-01,4.24E-03,Soluble,High,Yes,No,No,No,No,No,No,-5.35,0,3,0,0,1,0.85,0,0,1,1.02
Molecule 92,C1=CC(=CC(=C1)N)C(=O)N,C7H8N2O,136.15,10,6,0,1,1,2,38.94,69.11,0.7,-0.33,0.38,0.58,0.26,0.32,-0.85,1.90E+01,1.40E-01,Very soluble,-0.66,2.98E+01,2.19E-01,Very soluble,-1.6,3.44E+00,2.53E-02,Soluble,High,No,No,No,No,No,No,No,-7.36,0,3,0,0,1,0.55,0,1,1,1
Molecule 93,C1=CC(=CC(=C1)N)C(=O)O,C7H7NO2,137.14,10,6,0,1,2,2,37.81,63.32,0.88,0.65,0.98,-0.12,0.5,0.58,-1.48,4.56E+00,3.33E-02,Very soluble,-1.56,3.82E+00,2.78E-02,Very soluble,-1.38,5.69E+00,4.15E-02,Soluble,High,Yes,No,No,No,No,No,No,-6.68,0,3,0,0,1,0.85,0,1,1,1
Molecule 94,C1=CC(=CC(=C1)O)C#N,C7H5NO,119.12,9,6,0,0,2,1,33.18,44.02,1.2,1.7,1.26,0.79,1.34,1.26,-2.14,8.57E-01,7.20E-03,Soluble,-2.24,6.86E-01,5.76E-03,Soluble,-1.86,1.65E+00,1.39E-02,Soluble,High,Yes,No,Yes,No,No,No,Yes,-5.82,0,3,0,0,1,0.55,0,0,1,1.03
Molecule 95,C1=CC(=CC(=C1)O)C(=O)N,C7H7NO2,137.14,10,6,0,1,2,2,36.56,63.32,0.8,0.39,0.49,0.58,0.5,0.55,-1.31,6.66E+00,4.85E-02,Very soluble,-1.29,7.10E+00,5.18E-02,Very soluble,-1.38,5.69E+00,4.15E-02,Soluble,High,No,No,No,No,No,No,No,-6.86,0,3,0,0,1,0.55,0,0,1,1
Molecule 96,C1=CC(=CC(=C1)O)C(=O)O,C7H6O3,138.12,10,6,0,1,3,2,35.42,57.53,0.86,1.5,1.09,0.99,0.74,1.03,-2.02,1.32E+00,9.56E-03,Soluble,-2.32,6.67E-01,4.83E-03,Soluble,-1.17,9.40E+00,6.81E-02,Soluble,High,Yes,No,No,No,No,No,No,-6.08,0,3,0,0,1,0.85,0,0,1,1
Molecule 97,C1=CC(=CC(=C1)O)O,C6H6O2,110.11,8,6,0,0,2,2,30.49,40.46,0.96,0.8,1.1,0.79,0.94,0.92,-1.58,2.88E+00,2.62E-02,Very soluble,-1.23,6.47E+00,5.87E-02,Very soluble,-1.18,7.21E+00,6.55E-02,Soluble,High,Yes,No,No,No,No,No,Yes,-6.4,0,3,0,0,1,0.55,0,0,1,1
Molecule 98,C1=CC(=CC(=C1)[N+](=O)[O-])C(=O)O,C7H5NO4,167.12,12,6,0,2,4,1,42.22,83.12,0.77,1.83,1.29,0.51,-0.93,0.69,-2.27,9.04E-01,5.41E-03,Soluble,-3.2,1.06E-01,6.37E-04,Soluble,-1.15,1.20E+01,7.16E-02,Soluble,High,No,No,No,No,No,No,No,-6.02,0,1,0,0,1,0.56,0,2,1,1.62
Molecule 99,C1=CC(=CC=C1C#N)C#N,C8H4N2,128.13,10,6,0,0,2,0,35.87,47.58,1.43,0.93,1.43,0.77,1.78,1.27,-1.66,2.78E+00,2.17E-02,Very soluble,-1.52,3.91E+00,3.05E-02,Very soluble,-2.53,3.78E-01,2.95E-03,Soluble,High,Yes,No,Yes,No,No,No,Yes,-6.42,0,3,0,0,1,0.55,0,0,1,1.16
Molecule 100,C1=CC(=CC=C1C#N)O,C7H5NO,119.12,9,6,0,0,2,1,33.18,44.02,1.17,1.6,1.26,0.79,1.34,1.23,-2.08,9.91E-01,8.32E-03,Soluble,-2.14,8.71E-01,7.31E-03,Soluble,-1.86,1.65E+00,1.39E-02,Soluble,High,Yes,No,Yes,No,No,No,Yes,-5.89,0,3,0,0,1,0.55,0,0,1,1.03
Molecule 101,C1=CC(=CC=C1C(=O)N)N,C7H8N2O,136.15,10,6,0,1,1,2,38.94,69.11,0.74,-0.41,0.38,0.58,0.26,0.31,-0.8,2.14E+01,1.57E-01,Very soluble,-0.58,3.61E+01,2.65E-01,Very soluble,-1.6,3.44E+00,2.53E-02,Soluble,High,No,No,No,No,No,No,No,-7.42,0,3,0,0,1,0.55,0,1,1,1
Molecule 102,C1=CC(=CC=C1C(=O)N)O,C7H7NO2,137.14,10,6,0,1,2,2,36.56,63.32,0.76,0.33,0.49,0.58,0.5,0.53,-1.28,7.26E+00,5.29E-02,Very soluble,-1.22,8.20E+00,5.98E-02,Very soluble,-1.38,5.69E+00,4.15E-02,Soluble,High,No,No,No,No,No,No,No,-6.9,0,3,0,0,1,0.55,0,0,1,1
Molecule 103,C1=CC(=CC=C1C(=O)N)[N+](=O)[O-],C7H6N2O3,166.13,12,6,0,2,3,1,43.36,88.91,0.77,0.82,0.69,0.1,-1.17,0.24,-1.62,3.94E+00,2.37E-02,Very soluble,-2.27,8.94E-01,5.38E-03,Soluble,-1.36,7.25E+00,4.37E-02,Soluble,High,No,No,No,No,No,No,No,-6.73,0,1,0,0,1,0.55,0,2,1,1.28
Molecule 104,C1=CC(=CC=C1C(=O)O)C(=O)O,C8H6O4,166.13,12,6,0,2,4,2,40.36,74.6,0.74,2,1.08,1.2,0.61,1.13,-2.37,7.12E-01,4.29E-03,Soluble,-3.19,1.06E-01,6.41E-04,Soluble,-1.14,1.21E+01,7.29E-02,Soluble,High,No,No,No,No,No,No,No,-5.89,0,1,0,0,1,0.85,0,0,1,1
Molecule 105,C1=CC(=CC=C1C(=O)O)F,C7H5FO2,140.11,10,6,0,1,3,1,33.36,37.3,1.24,2.07,1.94,2.04,1.64,1.79,-2.39,5.70E-01,4.07E-03,Soluble,-2.48,4.61E-01,3.29E-03,Soluble,-2.02,1.33E+00,9.48E-03,Soluble,High,Yes,No,No,No,No,No,No,-5.68,0,3,0,0,1,0.85,0,0,1,1
Molecule 106,C1=CC(=CC=C1C(=O)O)N,C7H7NO2,137.14,10,6,0,1,2,2,37.81,63.32,0.82,0.83,0.98,-0.12,0.5,0.6,-1.59,3.52E+00,2.56E-02,Very soluble,-1.74,2.48E+00,1.81E-02,Very soluble,-1.38,5.69E+00,4.15E-02,Soluble,High,Yes,No,No,No,No,No,No,-6.55,0,3,0,0,1,0.85,0,1,1,1
Molecule 107,C1=CC(=CC=C1C(=O)O)O,C7H6O3,138.12,10,6,0,1,3,2,35.42,57.53,0.85,1.58,1.09,0.99,0.74,1.05,-2.07,1.18E+00,8.52E-03,Soluble,-2.4,5.51E-01,3.99E-03,Soluble,-1.17,9.40E+00,6.81E-02,Soluble,High,Yes,No,No,No,No,No,No,-6.02,0,3,0,0,1,0.85,0,0,1,1
Molecule 108,C1=CC(=CC=C1C(=O)O)[N+](=O)[O-],C7H5NO4,167.12,12,6,0,2,4,1,42.22,83.12,0.88,1.89,1.29,0.51,-0.93,0.73,-2.3,8.28E-01,4.96E-03,Soluble,-3.26,9.23E-02,5.52E-04,Soluble,-1.15,1.20E+01,7.16E-02,Soluble,High,No,No,No,No,No,No,No,-5.98,0,1,0,0,1,0.56,0,2,1,1.37
Molecule 109,C1=CC(=CC=C1C2=CC=C(C=C2)O)O,C12H10O2,186.21,14,12,0,1,2,2,55.92,40.46,1.55,1.99,2.76,2.41,2.56,2.26,-2.82,2.84E-01,1.53E-03,Soluble,-2.47,6.37E-01,3.42E-03,Soluble,-3.77,3.20E-02,1.72E-04,Soluble,High,Yes,No,Yes,No,No,No,No,-6.02,0,0,0,0,1,0.55,0,0,1,1.07
Molecule 110,C1=CC(=CC=C1C2=COC3=CC(=CC(=C3C2=O)O)O)O,C15H10O5,270.24,20,16,0,1,5,3,73.99,90.9,1.91,2.67,2.58,0.52,2.52,2.04,-3.72,5.11E-02,1.89E-04,Soluble,-4.23,1.59E-02,5.88E-05,Moderately soluble,-4.4,1.07E-02,3.94E-05,Moderately soluble,High,No,No,Yes,No,No,Yes,Yes,-6.05,0,0,0,0,0,0.55,0,0,0,2.87
Molecule 111,C1=CC(=CC=C1C=CC(=O)O)O,C9H8O3,164.16,12,6,0,2,3,2,45.13,57.53,0.95,1.46,1.38,1.28,1.22,1.26,-2.02,1.58E+00,9.65E-03,Soluble,-2.27,8.73E-01,5.32E-03,Soluble,-1.28,8.67E+00,5.28E-02,Soluble,High,Yes,No,No,No,No,No,No,-6.26,0,0,0,0,1,0.85,0,1,1,1.61
Molecule 112,C1=CC(=CC=C1CC(C(=O)O)N)O,C9H11NO3,181.19,13,6,0.22,3,4,3,47.52,83.55,0.79,-2.26,0.35,-1.7,0.39,-0.49,0.32,3.76E+02,2.07E+00,Highly soluble,1.04,1.98E+03,1.10E+01,Highly soluble,-1.29,9.29E+00,5.13E-02,Soluble,High,No,No,No,No,No,No,No,-9.01,0,0,0,0,2,0.55,0,0,1,1.54
Molecule 113,C1=CC(=CC=C1CCC(=O)O)O,C9H10O3,166.17,12,6,0.22,3,3,2,44.82,57.53,1.19,1.16,1.41,1.37,1.4,1.31,-1.77,2.80E+00,1.69E-02,Very soluble,-1.96,1.81E+00,1.09E-02,Very soluble,-2,1.67E+00,1.01E-02,Soluble,High,Yes,No,No,No,No,No,No,-6.49,0,0,0,0,1,0.85,0,0,1,1
Molecule 114,C1=CC(=CC=C1N)S(=O)(=O)C2=CC=C(C=C2)N,C12H12N2O2S,248.3,17,12,0,2,2,2,67.19,94.56,1.26,0.97,2.78,1.87,0.85,1.55,-2.38,1.03E+00,4.16E-03,Soluble,-2.54,7.10E-01,2.86E-03,Soluble,-4.13,1.85E-02,7.46E-05,Moderately soluble,High,No,No,No,No,No,No,No,-7.13,0,0,0,0,0,0.55,0,1,1,1.92
Molecule 115,C1=CC(=CC=C1N)[N+](=O)[O-],C6H6N2O2,138.12,10,6,0,1,2,1,39.67,71.84,0.91,1.39,1.19,0.26,-1.02,0.54,-1.95,1.55E+00,1.12E-02,Very soluble,-2.5,4.35E-01,3.15E-03,Soluble,-1.39,5.61E+00,4.06E-02,Soluble,High,No,No,No,No,No,No,No,-6.16,0,3,0,0,1,0.55,1,3,1,1.64
Molecule 116,C1=CC(=CC=C1O)O,C6H6O2,110.11,8,6,0,0,2,2,30.49,40.46,0.92,0.59,1.1,0.79,0.94,0.87,-1.45,3.91E+00,3.55E-02,Very soluble,-1.01,1.07E+01,9.70E-02,Very soluble,-1.18,7.21E+00,6.55E-02,Soluble,High,Yes,No,No,No,No,No,Yes,-6.55,0,3,0,0,1,0.55,0,1,1,1
Molecule 117,C1=CC(=CC=C1[N+](=O)[O-])O,C6H5NO3,139.11,10,6,0,1,3,1,37.29,66.05,0.77,1.91,1.3,0.26,-0.79,0.69,-2.28,7.24E-01,5.20E-03,Soluble,-2.92,1.67E-01,1.20E-03,Soluble,-1.18,9.28E+00,6.67E-02,Soluble,High,Yes,No,No,No,No,No,No,-5.79,0,3,0,0,1,0.55,0,2,1,1.41
Molecule 118,C1=CC(=CN=C1)C#N,C6H4N2,104.11,8,6,0,0,2,0,28.95,36.68,1.14,0.36,0.95,-0.23,1.37,0.72,-1.27,5.63E+00,5.40E-02,Very soluble,-0.7,2.10E+01,2.02E-01,Very soluble,-2.04,9.54E-01,9.16E-03,Soluble,High,Yes,No,No,No,No,No,No,-6.68,0,3,0,0,1,0.55,0,0,1,1.22
Molecule 119,C1=CC(=CN=C1)C(=O)N,C6H6N2O,122.12,9,6,0,1,2,1,32.33,55.98,0.7,-0.37,0.18,-0.43,0.52,0.12,-0.79,1.97E+01,1.62E-01,Very soluble,-0.34,5.55E+01,4.54E-01,Very soluble,-1.57,3.30E+00,2.70E-02,Soluble,High,No,No,No,No,No,No,No,-7.31,0,3,0,0,1,0.55,0,0,1,1
Molecule 120,C1=CC(=CN=C1)C(=O)O,C6H5NO2,123.11,9,6,0,1,3,1,31.2,50.19,0.86,0.36,0.78,-1.13,0.75,0.32,-1.26,6.81E+00,5.53E-02,Very soluble,-0.98,1.29E+01,1.05E-01,Very soluble,-1.35,5.46E+00,4.44E-02,Soluble,High,Yes,No,No,No,No,No,No,-6.8,0,3,0,0,1,0.85,0,0,1,1
Molecule 121,C1=CC(=CN=C1)N,C5H6N2,94.11,7,6,0,0,1,1,28.64,38.91,0.85,0.11,0.67,-0.25,0.79,0.44,-1.13,7.02E+00,7.46E-02,Very soluble,-0.48,3.10E+01,3.29E-01,Very soluble,-1.58,2.50E+00,2.65E-02,Soluble,High,Yes,No,No,No,No,No,No,-6.8,0,3,0,0,1,0.55,0,0,1,1
Molecule 122,C1=CC(=CN=C1)O,C5H5NO,95.1,7,6,0,0,2,1,26.26,33.12,0.9,0.48,0.79,-0.25,1.03,0.59,-1.37,4.09E+00,4.30E-02,Very soluble,-0.74,1.71E+01,1.80E-01,Very soluble,-1.36,4.14E+00,4.36E-02,Soluble,High,Yes,No,No,No,No,No,No,-6.54,0,3,0,0,1,0.55,0,0,1,1
Molecule 123,C1=CC(=NC(=C1)C(=O)O)C(=O)O,C7H5NO4,167.12,12,6,0,2,5,2,38.16,87.49,0.17,0.4,0.48,-1.47,0.12,-0.06,-1.37,7.19E+00,4.30E-02,Very soluble,-1.8,2.63E+00,1.57E-02,Very soluble,-0.77,2.87E+01,1.72E-01,Soluble,High,No,No,No,No,No,No,No,-7.04,0,2,0,0,1,0.56,0,0,1,1.47
Molecule 124,C1=CC(=NC(=C1)N)N,C5H7N3,109.13,8,6,0,0,1,2,33.05,64.93,0.8,0.16,0.26,-0.45,0.01,0.16,-1.17,7.34E+00,6.72E-02,Very soluble,-1.08,9.06E+00,8.30E-02,Very soluble,-1.24,6.25E+00,5.73E-02,Soluble,High,No,No,No,No,No,No,No,-6.85,0,3,0,0,1,0.55,0,0,1,1.47
Molecule 125,C1=CC(=NC=C1Cl)N,C5H5ClN2,128.56,8,6,0,0,1,1,33.65,38.91,1.32,1.09,1.33,0.81,1.37,1.18,-1.88,1.70E+00,1.32E-02,Very soluble,-1.5,4.07E+00,3.17E-02,Very soluble,-2.24,7.35E-01,5.71E-03,Soluble,High,Yes,No,No,No,No,No,No,-6.31,0,3,0,0,1,0.55,0,0,1,1.37
Molecule 126,C1=CC(=O)NC=C1,C5H5NO,95.1,7,6,0,0,1,1,27.06,32.86,1.06,-0.58,0.37,0.21,1.65,0.54,-0.7,1.90E+01,2.00E-01,Very soluble,0.36,2.18E+02,2.29E+00,Highly soluble,-1.84,1.36E+00,1.43E-02,Soluble,High,No,No,No,No,No,No,No,-7.29,0,3,0,0,1,0.55,0,0,1,1.13
Molecule 127,C1=CC2=C(C=CC(=C2)O)C=C1C(=O)O,C11H8O3,188.18,14,10,0,1,3,2,52.93,57.53,1.28,1.78,2.24,2.02,1.84,1.84,-2.59,4.83E-01,2.57E-03,Soluble,-2.61,4.66E-01,2.47E-03,Soluble,-2.87,2.52E-01,1.34E-03,Soluble,High,Yes,No,No,No,No,No,No,-6.18,0,0,0,0,1,0.85,0,0,1,1
Molecule 128,C1=CC2=C(C=CN=C2)C(=C1)O,C9H7NO,145.16,11,10,0,0,2,1,43.77,33.12,1.37,1.75,1.94,0.92,2.01,1.6,-2.52,4.43E-01,3.05E-03,Soluble,-2.06,1.26E+00,8.66E-03,Soluble,-3.1,1.15E-01,7.91E-04,Soluble,High,Yes,No,Yes,No,No,No,No,-5.94,0,2,0,0,1,0.55,0,0,1,1
Molecule 129,C1=CC2=NNN=C2C=C1,C6H5N3,119.12,9,9,0,0,2,1,33.89,41.57,0.59,1.02,0.96,0.97,1.67,1.04,-1.96,1.30E+00,1.09E-02,Very soluble,-1.48,3.92E+00,3.29E-02,Very soluble,-2.49,3.87E-01,3.25E-03,Soluble,High,Yes,No,No,No,No,No,No,-6.3,0,3,0,0,1,0.55,0,0,1,1.54
Molecule 130,C1=CC=C(C(=C1)C(=O)N)N,C7H8N2O,136.15,10,6,0,1,1,2,38.94,69.11,0.96,0.35,0.38,0.58,0.26,0.51,-1.28,7.10E+00,5.22E-02,Very soluble,-1.37,5.87E+00,4.31E-02,Very soluble,-1.6,3.44E+00,2.53E-02,Soluble,High,No,No,No,No,No,No,No,-6.88,0,3,0,0,1,0.55,0,1,1,1
Molecule 131,C1=CC=C(C(=C1)C(=O)N)O,C7H7NO2,137.14,10,6,0,1,2,2,36.56,63.32,1.17,1.28,0.49,0.58,0.5,0.8,-1.87,1.83E+00,1.33E-02,Very soluble,-2.21,8.47E-01,6.18E-03,Soluble,-1.38,5.69E+00,4.15E-02,Soluble,High,No,No,No,No,No,No,No,-6.23,0,3,0,0,1,0.55,0,0,1,1
Molecule 132,C1=CC=C(C(=C1)C(=O)O)F,C7H5FO2,140.11,10,6,0,1,3,1,33.36,37.3,1.13,1.77,1.94,2.04,1.64,1.7,-2.2,8.80E-01,6.28E-03,Soluble,-2.17,9.45E-01,6.74E-03,Soluble,-2.02,1.33E+00,9.48E-03,Soluble,High,Yes,No,No,No,No,No,No,-5.9,0,3,0,0,1,0.85,0,0,1,1
Molecule 133,C1=CC=C(C(=C1)C(=O)O)N,C7H7NO2,137.14,10,6,0,1,2,2,37.81,63.32,1.04,1.21,0.97,-0.12,0.5,0.72,-1.83,2.03E+00,1.48E-02,Very soluble,-2.14,1.00E+00,7.30E-03,Soluble,-1.38,5.69E+00,4.15E-02,Soluble,High,Yes,No,No,No,No,No,No,-6.28,0,3,0,0,1,0.85,0,1,1,1
Molecule 134,C1=CC=C(C(=C1)C(=O)O)O,C7H6O3,138.12,10,6,0,1,3,2,35.42,57.53,1.13,2.26,1.09,0.99,0.74,1.24,-2.5,4.39E-01,3.18E-03,Soluble,-3.1,1.09E-01,7.86E-04,Soluble,-1.17,9.40E+00,6.81E-02,Soluble,High,Yes,No,No,No,No,No,No,-5.54,0,3,0,0,1,0.85,0,0,1,1
Molecule 135,C1=CC=C(C(=C1)O)O,C6H6O2,110.11,8,6,0,0,2,2,30.49,40.46,1.13,0.88,1.1,0.79,0.94,0.97,-1.63,2.57E+00,2.33E-02,Very soluble,-1.31,5.34E+00,4.85E-02,Very soluble,-1.18,7.21E+00,6.55E-02,Soluble,High,Yes,No,No,No,No,No,Yes,-6.35,0,3,0,0,1,0.55,1,1,1,1
Molecule 136,C1=CC=C(C=C1)C(=O)N,C7H7NO,121.14,9,6,0,1,1,1,34.54,43.09,1.08,0.64,0.79,1.19,1,0.94,-1.42,4.59E+00,3.79E-02,Very soluble,-1.12,9.18E+00,7.58E-02,Very soluble,-1.94,1.39E+00,1.15E-02,Soluble,High,Yes,No,No,No,No,No,No,-6.58,0,3,0,0,1,0.55,0,0,1,1
Molecule 137,C1=CC=C(C=C1)C(=O)NCC(=O)O,C9H9NO3,179.17,13,6,0.11,4,3,2,46.02,66.4,1.06,0.31,0.5,0.84,0.65,0.67,-1.22,1.07E+01,5.97E-02,Very soluble,-1.27,9.68E+00,5.40E-02,Very soluble,-2.17,1.20E+00,6.68E-03,Soluble,High,No,No,No,No,No,No,No,-7.17,0,0,0,0,1,0.85,0,0,1,1
Molecule 138,C1=CC=C(C=C1)C(=O)O,C7H6O2,122.12,9,6,0,1,2,1,33.4,37.3,1.11,1.87,1.38,1.6,1.24,1.44,-2.2,7.66E-01,6.27E-03,Soluble,-2.27,6.48E-01,5.31E-03,Soluble,-1.72,2.31E+00,1.89E-02,Soluble,High,Yes,No,No,No,No,No,No,-5.72,0,3,0,0,1,0.85,0,0,1,1
Molecule 139,C1=CC=C(C=C1)C(C(=O)O)O,C8H8O3,152.15,11,6,0.12,2,3,2,39.15,57.53,0.99,0.62,0.48,0.78,0.76,0.73,-1.45,5.45E+00,3.58E-02,Very soluble,-1.4,6.02E+00,3.96E-02,Very soluble,-1.23,9.02E+00,5.93E-02,Soluble,High,No,No,No,No,No,No,No,-6.79,0,3,0,0,1,0.85,0,0,1,1.59
Molecule 140,C1=CC=C(C=C1)C(CC(=O)O)C(=O)O,C10H10O4,194.18,14,6,0.2,4,4,2,49.37,74.6,0.78,0.92,1.33,1.28,1.01,1.06,-1.68,4.09E+00,2.11E-02,Very soluble,-2.07,1.64E+00,8.46E-03,Soluble,-1.6,4.86E+00,2.50E-02,Soluble,High,No,No,No,No,No,No,No,-6.83,0,0,0,0,1,0.85,0,0,1,1.99
Molecule 141,C1=CC=C(C=C1)C2=CC(=O)C3=C(C=C(C=C3O2)O)O,C15H10O4,254.24,19,16,0,1,4,2,71.97,70.67,2.27,3.52,2.87,1.08,3.02,2.55,-4.19,1.64E-02,6.44E-05,Moderately soluble,-4.69,5.22E-03,2.05E-05,Moderately soluble,-4.98,2.64E-03,1.04E-05,Moderately soluble,High,Yes,No,Yes,No,No,Yes,Yes,-5.35,0,0,0,0,0,0.55,0,0,1,2.93
Molecule 142,C1=CC=C(C=C1)C2=CC=C(C=C2)C(=O)CCC(=O)O,C16H14O3,254.28,19,12,0.12,5,3,1,73.46,54.37,1.93,3.2,3.4,2.69,3.54,2.95,-3.57,6.85E-02,2.69E-04,Soluble,-4.01,2.46E-02,9.69E-05,Moderately soluble,-5.05,2.26E-03,8.89E-06,Moderately soluble,High,Yes,No,No,No,No,No,No,-5.58,0,0,0,0,0,0.85,0,0,0,1.74
Molecule 143,C1=CC=C(C=C1)C2=CC=CC=C2O,C12H10O,170.21,13,12,0,1,1,1,53.9,20.23,2.25,3.09,3.06,3.07,3.09,2.91,-3.46,5.91E-02,3.47E-04,Soluble,-3.18,1.12E-01,6.57E-04,Soluble,-4.33,7.91E-03,4.65E-05,Moderately soluble,High,Yes,No,Yes,Yes,Yes,No,No,-5.14,0,0,0,0,2,0.55,0,0,1,1.27
Molecule 144,C1=CC=C(C=C1)C2=CC=NC=C2,C11H9N,155.2,12,12,0,1,1,0,49.67,12.89,2.09,2.59,2.75,2.13,3.09,2.53,-3.11,1.21E-01,7.80E-04,Soluble,-2.51,4.80E-01,3.09E-03,Soluble,-4.53,4.62E-03,2.98E-05,Moderately soluble,High,Yes,No,Yes,No,No,No,No,-5.41,0,1,0,0,2,0.55,0,0,1,1.11
Molecule 145,C1=CC=C(C=C1)C2=NC3=C(N=C(N=C3N=C2N)N)N,C12H11N7,253.26,19,16,0,1,4,3,73.78,129.62,1.45,0.98,0.86,-0.32,0.18,0.63,-2.58,6.59E-01,2.60E-03,Soluble,-3.29,1.30E-01,5.13E-04,Soluble,-4.03,2.37E-02,9.35E-05,Moderately soluble,High,No,Yes,Yes,No,No,Yes,Yes,-7.15,0,0,0,0,0,0.55,0,0,0,2.51
Molecule 146,C1=CC=C(C=C1)C=CC(=O)O,C9H8O2,148.16,11,6,0,2,2,1,43.11,37.3,1.55,2.13,1.68,1.9,1.7,1.79,-2.37,6.29E-01,4.25E-03,Soluble,-2.54,4.23E-01,2.85E-03,Soluble,-1.84,2.14E+00,1.45E-02,Soluble,High,Yes,No,No,No,No,No,No,-5.69,0,2,0,0,1,0.85,0,1,1,1.67
Molecule 147,C1=CC=C(C=C1)CC(C(=O)O)N,C9H11NO2,165.19,12,6,0.22,3,3,2,45.5,63.32,1.08,-1.52,0.64,-1.11,0.86,-0.01,-0.08,1.38E+02,8.35E-01,Very soluble,0.7,8.21E+02,4.97E+00,Highly soluble,-1.86,2.30E+00,1.39E-02,Soluble,High,No,No,No,No,No,No,No,-8.39,0,0,0,0,1,0.55,0,0,1,1.46
Molecule 148,C1=CC=C(C=C1)CCC(=O)O,C9H10O2,150.17,11,6,0.22,3,2,1,42.79,37.3,1.5,1.84,1.7,1.98,1.88,1.78,-2.14,1.10E+00,7.31E-03,Soluble,-2.24,8.57E-01,5.70E-03,Soluble,-2.56,4.13E-01,2.75E-03,Soluble,High,Yes,No,No,No,No,No,No,-5.91,0,1,0,0,1,0.85,0,0,1,1
Molecule 149,C1=CC=C(C=C1)SCCC(=O)O,C9H10O2S,182.24,12,6,0.22,4,2,1,49.55,62.6,1.73,1.93,2.25,2.25,1.98,2.03,-2.29,9.31E-01,5.11E-03,Soluble,-2.87,2.47E-01,1.35E-03,Soluble,-2.69,3.71E-01,2.04E-03,Soluble,High,Yes,No,No,No,No,No,No,-6.04,0,0,0,0,1,0.85,0,0,1,2.22
Molecule 150,C1=CC=C2C(=C1)C(=CN2)C(=O)O,C9H7NO2,161.16,12,9,0,1,2,2,45.26,53.09,1,1.99,1.87,1.08,1.89,1.56,-2.58,4.22E-01,2.62E-03,Soluble,-2.73,2.99E-01,1.86E-03,Soluble,-2.65,3.64E-01,2.26E-03,Soluble,High,Yes,No,Yes,No,No,No,No,-5.87,0,1,0,0,1,0.85,0,0,1,1.08
Molecule 151,C1=CC=C2C(=C1)C(=CN2)CC(C(=O)O)N,C11H12N2O2,204.23,15,9,0.18,3,3,3,57.36,79.11,0.94,-1.06,1.12,-1.66,1.53,0.17,-0.68,4.22E+01,2.07E-01,Very soluble,-0.11,1.58E+02,7.72E-01,Very soluble,-2.76,3.57E-01,1.75E-03,Soluble,High,No,No,No,No,No,No,No,-8.3,0,0,0,0,0,0.55,0,0,1,2.09
Molecule 152,C1=CC=C2C(=C1)C(=NO2)CS(=O)(=O)N,C8H8N2O3S,212.23,14,9,0.12,2,5,1,50.65,94.57,0.25,0.24,1.55,-0.46,0.28,0.37,-1.65,4.74E+00,2.24E-02,Very soluble,-1.79,3.47E+00,1.64E-02,Very soluble,-2.89,2.72E-01,1.28E-03,Soluble,High,No,No,No,No,No,No,No,-7.42,0,0,0,0,0,0.55,0,0,1,2.72
Molecule 153,C1=CC=C2C(=C1)C(=O)NS2(=O)=O,C7H5NO3S,183.18,12,6,0,0,3,1,44.72,71.62,0.74,0.91,0.82,-0.02,0.56,0.6,-1.92,2.21E+00,1.20E-02,Very soluble,-2,1.83E+00,1.00E-02,Very soluble,-2.54,5.34E-01,2.92E-03,Soluble,High,No,No,No,No,No,No,No,-6.77,0,1,0,0,1,0.55,0,0,1,2.25
Molecule 154,C1=CC=C2C(=C1)C=C(C(=C2CC3=C(C(=CC4=CC=CC=C43)C(=O)O)O)O)C(=O)O,C23H16O6,388.37,29,20,0.04,4,6,4,108.87,115.06,2.18,5.79,4.39,3.32,3.84,3.9,-6.14,2.80E-04,7.21E-07,Poorly soluble,-7.98,4.11E-06,1.06E-08,Poorly soluble,-6.2,2.45E-04,6.31E-07,Poorly soluble,High,No,No,No,No,No,No,No,-4.56,0,0,0,0,1,0.56,0,0,2,2.51
Molecule 155,C1=CC=C2C(=C1)C=C(N2)C(=O)O,C9H7NO2,161.16,12,9,0,1,2,2,45.26,53.09,1.08,2.31,1.87,1.08,1.89,1.64,-2.78,2.65E-01,1.65E-03,Soluble,-3.06,1.39E-01,8.65E-04,Soluble,-2.65,3.64E-01,2.26E-03,Soluble,High,Yes,No,Yes,No,No,No,No,-5.64,0,1,0,0,1,0.85,0,0,1,1.23
Molecule 156,C1=CC=C2C(=C1)C=CC(=C2O)C(=O)O,C11H8O3,188.18,14,10,0,1,3,2,52.93,57.53,1.59,2.61,2.24,2.02,1.84,2.06,-3.11,1.45E-01,7.70E-04,Soluble,-3.47,6.41E-02,3.41E-04,Soluble,-2.87,2.52E-01,1.34E-03,Soluble,High,Yes,No,No,No,No,No,No,-5.59,0,0,0,0,1,0.85,0,0,1,1.01
Molecule 157,C1=CC=C2C(=C1)C=CC3=CC=CC=C3N2C(=O)N,C15H12N2O,236.27,18,12,0,1,1,1,76.05,46.33,2.1,2.45,2.79,2.99,1.65,2.4,-3.28,1.25E-01,5.30E-04,Soluble,-3.07,2.03E-01,8.58E-04,Soluble,-3.93,2.78E-02,1.17E-04,Soluble,High,Yes,Yes,Yes,Yes,No,No,No,-6,0,0,0,0,0,0.55,0,1,1,2.93
Molecule 158,C1=CC=C2C(=C1)C=CC=C2C#N,C11H7N,153.18,12,10,0,0,1,0,48.66,23.79,2.01,2.65,2.71,2.48,2.98,2.57,-3.08,1.29E-01,8.40E-04,Soluble,-2.8,2.42E-01,1.58E-03,Soluble,-4.14,1.10E-02,7.21E-05,Moderately soluble,High,Yes,No,Yes,No,No,No,No,-5.35,0,2,0,0,2,0.55,0,0,1,1.28
Molecule 159,C1=CC=C2C(=C1)C=CC=C2O,C10H8O,144.17,11,10,0,0,1,1,45.97,20.23,1.67,2.85,2.55,2.54,2.54,2.43,-3.2,9.05E-02,6.28E-04,Soluble,-2.93,1.68E-01,1.17E-03,Soluble,-3.47,4.84E-02,3.36E-04,Soluble,High,Yes,No,Yes,No,No,No,No,-5.16,0,2,0,0,2,0.55,0,0,1,1
Molecule 160,C1=CC=C2C(=C1)C=CC=C2S(=O)(=O)O,C10H8O3S,208.23,14,10,0,1,3,1,53.81,62.75,1.11,1.25,3.17,2.2,1.26,1.8,-2.38,8.66E-01,4.16E-03,Soluble,-2.17,1.42E+00,6.82E-03,Soluble,-3.43,7.75E-02,3.72E-04,Soluble,High,Yes,No,No,No,No,No,No,-6.68,0,0,0,0,0,0.85,0,1,1,2.2
Molecule 161,C1=CC=C2C(=C1)C=CN2,C8H7N,117.15,9,9,0,0,0,1,38.3,15.79,1.43,2.05,2.17,1.57,2.66,1.98,-2.6,2.96E-01,2.52E-03,Soluble,-2.01,1.14E+00,9.77E-03,Soluble,-3.23,6.90E-02,5.89E-04,Soluble,High,Yes,No,Yes,No,No,No,No,-5.56,0,3,0,0,2,0.55,0,0,1,1
Molecule 162,C1=CC=C2C(=C1)N=C3C=CC=CC3=N2,C12H8N2,180.21,14,14,0,0,2,0,57.04,25.78,2.19,2.84,2.78,2.4,2.99,2.64,-3.49,5.88E-02,3.26E-04,Soluble,-3.04,1.64E-01,9.13E-04,Soluble,-5,1.79E-03,9.95E-06,Moderately soluble,High,Yes,No,Yes,No,No,No,Yes,-5.38,0,0,0,0,1,0.55,0,1,1,1.43
Molecule 163,C1=CC=C2C(=C1)NC=N2,C7H6N2,118.14,9,9,0,0,1,1,36.09,28.68,0.9,1.81,1.56,0.98,2.15,1.48,-2.45,4.17E-01,3.53E-03,Soluble,-2.03,1.10E+00,9.30E-03,Soluble,-2.86,1.63E-01,1.38E-03,Soluble,High,Yes,No,Yes,No,No,No,No,-5.74,0,3,0,0,1,0.55,0,0,1,1
Molecule 164,C1=CC=C2C=C(C(=CC2=C1)C(=O)O)O,C11H8O3,188.18,14,10,0,1,3,2,52.93,57.53,1.41,3.05,2.24,2.02,1.84,2.11,-3.39,7.65E-02,4.07E-04,Soluble,-3.92,2.24E-02,1.19E-04,Soluble,-2.87,2.52E-01,1.34E-03,Soluble,High,Yes,No,No,No,No,No,No,-5.28,0,0,0,0,1,0.85,0,0,1,1.01
Molecule 165,C1=CC=C2C=C3C=CC=CC3=CC2=C1,C14H10,178.23,14,14,0,0,0,0,61.45,0,2.41,4.44,3.99,5.17,4.1,4.02,-4.48,5.87E-03,3.29E-05,Moderately soluble,-4.16,1.24E-02,6.94E-05,Moderately soluble,-5.75,3.20E-04,1.79E-06,Moderately soluble,Low,Yes,No,Yes,Yes,No,No,No,-4.23,1,0,0,0,2,0.55,0,1,2,1
Molecule 166,C1=CC=C2C=CC=CC2=C1,C10H8,128.17,10,10,0,0,0,0,43.95,0,1.99,3.3,2.84,4.26,3.11,3.1,-3.45,4.51E-02,3.52E-04,Soluble,-2.98,1.36E-01,1.06E-03,Soluble,-4.03,1.19E-02,9.27E-05,Moderately soluble,Low,Yes,No,Yes,No,No,No,No,-4.74,1,2,0,0,2,0.55,0,0,1,1
Molecule 167,C1=CC=NC(=C1)C(=O)N,C6H6N2O,122.12,9,6,0,1,2,1,32.33,55.98,1.14,0.15,0.18,-0.43,0.52,0.31,-1.12,9.29E+00,7.60E-02,Very soluble,-0.88,1.60E+01,1.31E-01,Very soluble,-1.57,3.30E+00,2.70E-02,Soluble,High,No,No,No,No,No,No,No,-6.94,0,3,0,0,1,0.55,0,0,1,1
Molecule 168,C1=CC=NC(=C1)C(=O)O,C6H5NO2,123.11,9,6,0,1,3,1,31.2,50.19,0.74,0.72,0.78,-1.13,0.75,0.37,-1.48,4.04E+00,3.28E-02,Very soluble,-1.35,5.47E+00,4.44E-02,Very soluble,-1.35,5.46E+00,4.44E-02,Soluble,High,Yes,No,No,No,No,No,No,-6.54,0,3,0,0,1,0.85,0,0,1,1.04
Molecule 169,C1=CC=NC(=C1)C2=CC=CC=N2,C10H8N2,156.18,12,12,0,1,2,0,47.47,25.78,1.93,1.5,2.14,0.91,2.55,1.81,-2.43,5.84E-01,3.74E-03,Soluble,-1.65,3.50E+00,2.24E-02,Very soluble,-4.16,1.09E-02,7.00E-05,Moderately soluble,High,Yes,No,Yes,No,No,No,No,-6.19,0,1,0,0,1,0.55,0,0,1,1.66
Molecule 170,C1=CC=NC(=C1)N,C5H6N2,94.11,7,6,0,0,1,1,28.64,38.91,0.99,0.49,0.67,0.16,0.79,0.62,-1.37,4.05E+00,4.30E-02,Very soluble,-0.88,1.25E+01,1.33E-01,Very soluble,-1.58,2.50E+00,2.65E-02,Soluble,High,Yes,No,No,No,No,No,No,-6.53,0,3,0,0,1,0.55,0,0,1,1.07
Molecule 171,C1=CN=C(C(=N1)C(=O)O)C(=O)O,C6H4N2O4,168.11,12,6,0,2,6,2,35.95,100.38,-0.22,-0.67,-0.13,-1.53,-0.32,-0.57,-0.7,3.37E+01,2.00E-01,Very soluble,-0.96,1.83E+01,1.09E-01,Very soluble,-0.39,6.80E+01,4.05E-01,Soluble,High,No,No,No,No,No,No,No,-7.8,0,2,0,0,1,0.56,0,0,1,1.67
Molecule 172,C1=CN=C(C=C1C(=O)O)C(=O)O,C7H5NO4,167.12,12,6,0,2,5,2,38.16,87.49,0.32,0.24,0.48,-1.47,0.12,-0.06,-1.27,9.07E+00,5.43E-02,Very soluble,-1.64,3.85E+00,2.30E-02,Very soluble,-0.77,2.87E+01,1.72E-01,Soluble,High,No,No,No,No,No,No,No,-7.15,0,2,0,0,1,0.56,0,0,1,1.42
Molecule 173,C1=CN=C(C=N1)C(=O)N,C5H5N3O,123.11,9,6,0,1,3,1,30.13,68.87,0.74,-0.6,-0.42,-1.66,0.08,-0.37,-0.65,2.74E+01,2.23E-01,Very soluble,-0.37,5.19E+01,4.22E-01,Very soluble,-1.2,7.82E+00,6.35E-02,Soluble,High,No,No,No,No,No,No,No,-7.48,0,4,0,0,1,0.55,0,0,1,1.47
Molecule 174,C1=CN=C(C=N1)C(=O)O,C5H4N2O2,124.1,9,6,0,1,4,1,28.99,63.08,0.28,0.05,0.17,-1.25,0.32,-0.09,-1.07,1.06E+01,8.55E-02,Very soluble,-0.93,1.47E+01,1.18E-01,Very soluble,-0.98,1.29E+01,1.04E-01,Soluble,High,No,No,No,No,No,No,No,-7.02,0,3,0,0,1,0.85,0,0,1,1.45
Molecule 175,C1=CN=C(N=C1)Cl,C4H3ClN2,114.53,7,6,0,0,2,0,27.04,25.78,1.41,0.36,1.13,0.16,1.74,0.96,-1.41,4.44E+00,3.88E-02,Very soluble,-0.47,3.92E+01,3.42E-01,Very soluble,-2.21,7.05E-01,6.15E-03,Soluble,High,Yes,No,No,No,No,No,No,-6.74,0,3,0,0,2,0.55,0,0,1,1.19
Molecule 176,C1=CN=C(N=C1)N,C4H5N3,95.1,7,6,0,0,2,1,26.44,51.8,0.9,-0.22,0.07,-0.72,0.38,0.08,-0.93,1.13E+01,1.19E-01,Very soluble,-0.41,3.69E+01,3.88E-01,Very soluble,-1.21,5.93E+00,6.24E-02,Soluble,High,No,No,No,No,No,No,No,-7.04,0,3,0,0,2,0.55,0,0,1,1.03
Molecule 177,C1=CN=CC=C1C#N,C6H4N2,104.11,8,6,0,0,2,0,28.95,36.68,1.14,0.46,0.95,-0.23,1.37,0.74,-1.33,4.87E+00,4.67E-02,Very soluble,-0.8,1.65E+01,1.59E-01,Very soluble,-2.04,9.54E-01,9.16E-03,Soluble,High,Yes,No,No,No,No,No,No,-6.61,0,3,0,0,1,0.55,0,0,1,1.25
Molecule 178,C1=CN=CC=C1C(=O)N,C6H6N2O,122.12,9,6,0,1,2,1,32.33,55.98,0.65,-0.28,0.18,-0.43,0.52,0.13,-0.85,1.73E+01,1.42E-01,Very soluble,-0.44,4.47E+01,3.66E-01,Very soluble,-1.57,3.30E+00,2.70E-02,Soluble,High,No,No,No,No,No,No,No,-7.24,0,3,0,0,1,0.55,0,0,1,1
Molecule 179,C1=CN=CC=C1C(=O)NN,C6H7N3O,137.14,10,6,0,2,3,2,35.13,68.01,0.03,-0.7,-0.31,-0.47,-0.27,-0.35,-0.56,3.77E+01,2.75E-01,Very soluble,-0.25,7.66E+01,5.58E-01,Very soluble,-1.64,3.17E+00,2.31E-02,Soluble,High,No,No,No,No,No,No,No,-7.63,0,3,0,0,1,0.55,0,2,1,1.24
Molecule 180,C1=CN=CC=C1C(=O)O,C6H5NO2,123.11,9,6,0,1,3,1,31.2,50.19,0.76,0.32,0.78,-1.13,0.75,0.3,-1.23,7.21E+00,5.86E-02,Very soluble,-0.94,1.42E+01,1.16E-01,Very soluble,-1.35,5.46E+00,4.44E-02,Soluble,High,Yes,No,No,No,No,No,No,-6.82,0,3,0,0,1,0.85,0,0,1,1
Molecule 181,C1=CN=CC=C1C2=CC=NC=C2,C10H8N2,156.18,12,12,0,1,2,0,47.47,25.78,1.46,1.28,2.14,0.91,2.55,1.67,-2.29,8.03E-01,5.14E-03,Soluble,-1.42,5.93E+00,3.79E-02,Very soluble,-4.16,1.09E-02,7.00E-05,Moderately soluble,High,Yes,No,Yes,No,No,No,No,-6.34,0,1,0,0,1,0.55,0,0,1,1.03
Molecule 182,C1=CN=CC=C1C=CC2=CC=NC=C2,C12H10N2,182.22,14,12,0,2,2,0,57.4,25.78,1.85,2.05,2.43,1.41,2.99,2.15,-2.76,3.14E-01,1.72E-03,Soluble,-2.22,1.10E+00,6.03E-03,Soluble,-4.26,1.01E-02,5.52E-05,Moderately soluble,High,Yes,No,Yes,No,No,No,No,-5.96,0,0,0,0,1,0.55,0,0,1,1.8
Molecule 183,C1=CN=CC=C1CCC2=CC=NC=C2,C12H12N2,184.24,14,12,0.17,3,2,0,56.29,25.78,1.96,2,2.26,1.49,3.17,2.18,-2.68,3.86E-01,2.10E-03,Soluble,-2.17,1.25E+00,6.79E-03,Soluble,-4.98,1.93E-03,1.05E-05,Moderately soluble,High,Yes,No,Yes,No,No,No,No,-6,0,0,0,0,1,0.55,0,0,1,1.35
Molecule 184,C1=CN=CC=C1CCCC2=CC=NC=C2,C13H14N2,198.26,15,12,0.23,4,2,0,61.1,25.78,2.09,2.54,2.65,1.76,3.51,2.51,-3,1.99E-01,1.01E-03,Soluble,-2.73,3.71E-01,1.87E-03,Soluble,-5.39,8.11E-04,4.09E-06,Moderately soluble,High,Yes,No,Yes,No,No,Yes,No,-5.71,0,0,0,0,1,0.55,0,0,1,1.43
Molecule 185,C1=CN=CC=C1N,C5H6N2,94.11,7,6,0,0,1,1,28.64,38.91,0.83,0.32,0.67,-0.25,0.79,0.47,-1.26,5.18E+00,5.50E-02,Very soluble,-0.7,1.88E+01,1.99E-01,Very soluble,-1.58,2.50E+00,2.65E-02,Soluble,High,Yes,No,No,No,No,No,No,-6.65,0,3,0,0,1,0.55,0,0,1,1
Molecule 186,C1=CN=CC=C1N=NC2=CC=NC=C2,C10H8N4,184.2,14,12,0,2,4,0,52.65,50.5,1.91,1.56,2.89,0.45,2.64,1.89,-2.47,6.28E-01,3.41E-03,Soluble,-2.23,1.08E+00,5.88E-03,Soluble,-4.27,9.98E-03,5.42E-05,Moderately soluble,High,Yes,No,Yes,No,No,No,No,-6.32,0,0,0,0,1,0.55,1,1,1,2.32
Molecule 187,C1=CN=CC=N1,C4H4N2,80.09,6,6,0,0,2,0,22.03,25.78,0.78,-0.26,0.48,-0.92,1.19,0.25,-0.91,9.79E+00,1.22E-01,Very soluble,0.18,1.20E+02,1.50E+00,Highly soluble,-1.53,2.35E+00,2.93E-02,Soluble,High,No,No,No,No,No,No,No,-6.97,0,3,0,0,2,0.55,0,0,1,1.34
Molecule 188,C1=CN=CN1,C3H4N2,68.08,5,5,0,0,1,1,18.59,28.68,0,0.06,0.41,-0.92,1.36,0.18,-1.04,6.21E+00,9.12E-02,Very soluble,-0.22,4.14E+01,6.08E-01,Very soluble,-1.08,5.61E+00,8.24E-02,Soluble,High,No,No,No,No,No,No,No,-6.67,0,3,0,0,2,0.55,0,0,1,1
Molecule 189,C1=CNC(=O)C(=C1)C(=O)O,C6H5NO3,139.11,10,6,0,1,3,2,34.02,70.16,0.49,0.49,0.07,-0.15,0.89,0.36,-1.39,5.68E+00,4.08E-02,Very soluble,-1.53,4.08E+00,2.93E-02,Very soluble,-1.28,7.33E+00,5.27E-02,Soluble,High,No,No,No,No,No,No,No,-6.8,0,3,0,0,1,0.85,0,0,1,1.25
Molecule 190,C1=CNN=C1,C3H4N2,68.08,5,5,0,0,1,1,18.59,28.68,0,0.22,0.41,-0.52,1.36,0.3,-1.14,4.92E+00,7.23E-02,Very soluble,-0.38,2.83E+01,4.15E-01,Very soluble,-1.08,5.61E+00,8.24E-02,Soluble,High,No,No,No,No,No,No,No,-6.56,0,3,0,0,2,0.55,0,0,1,1
Molecule 191,C1=COC(=C1)CNC2=CC(=C(C=C2C(=O)O)S(=O)(=O)N)Cl,C12H11ClN2O5S,330.74,21,11,0.08,5,6,3,75.46,131.01,0.85,2.03,2.63,-1.02,0.65,1.03,-3.23,1.96E-01,5.93E-04,Soluble,-4.41,1.29E-02,3.90E-05,Moderately soluble,-4.11,2.54E-02,7.69E-05,Moderately soluble,High,No,No,No,No,No,No,No,-6.88,0,0,0,0,0,0.56,0,0,0,2.43
Molecule 192,C1=C[N+](=CC=C1[N+](=O)[O-])[O-],C5H4N2O3,140.1,10,6,0,1,3,0,36.43,71.28,0.27,-0.55,0.23,-0.53,-2.02,-0.52,-0.74,2.55E+01,1.82E-01,Very soluble,-0.48,4.67E+01,3.33E-01,Very soluble,0.02,1.46E+02,1.04E+00,Soluble,High,No,No,No,No,No,No,No,-7.55,0,3,0,0,1,0.55,0,4,1,2.04
Molecule 193,C1=NC(=O)NC(=C1F)N,C4H4FN3O,129.09,9,6,0,0,3,2,29.22,71.77,0.39,-0.87,-0.08,-0.37,0.92,0,-0.59,3.35E+01,2.60E-01,Very soluble,-0.16,9.02E+01,6.99E-01,Very soluble,-1.44,4.67E+00,3.61E-02,Soluble,High,No,No,No,No,No,No,No,-7.71,0,3,0,0,2,0.55,0,0,1,1.64
Molecule 194,C1=NC2=NC=NC(=C2N1)N,C5H5N5,135.13,10,9,0,0,3,2,36.09,80.48,-0.11,-0.09,-0.06,-1.23,0.47,-0.2,-1.29,6.98E+00,5.16E-02,Very soluble,-1.15,9.61E+00,7.11E-02,Very soluble,-1.77,2.27E+00,1.68E-02,Soluble,High,No,No,No,No,No,No,No,-7.19,0,3,0,0,1,0.55,0,0,1,1.67
Molecule 195,C1=NC=NN1,C2H3N3,69.07,5,5,0,0,2,1,16.38,41.57,0,-0.01,-0.2,-1.51,1.21,-0.1,-1,6.88E+00,9.96E-02,Very soluble,-0.41,2.66E+01,3.86E-01,Very soluble,-0.71,1.33E+01,1.93E-01,Soluble,High,No,No,No,No,No,No,No,-6.73,0,3,0,0,2,0.55,0,0,1,1
Molecule 196,C1C(C(C(C(O1)(CO)O)O)O)O,C6H12O6,180.16,12,0,1,1,6,5,35.77,110.38,-0.03,-2.84,-3.22,-2.75,-1.91,-2.15,0.9,1.43E+03,7.91E+00,Highly soluble,1.08,2.16E+03,1.20E+01,Highly soluble,2.17,2.63E+04,1.46E+02,Soluble,Low,No,No,No,No,No,No,No,-9.42,0,2,0,0,2,0.55,0,0,1,3.96
Molecule 197,C1C(C(C(C(O1)O)O)O)O,C5H10O5,150.13,10,0,1,0,5,4,29.77,90.15,-0.39,-3.02,-2.58,-2.32,-1.7,-2,1.13,2.03E+03,1.35E+01,Highly soluble,1.69,7.34E+03,4.89E+01,Highly soluble,2.23,2.56E+04,1.71E+02,Soluble,Low,No,No,No,No,No,No,No,-9.36,0,3,0,0,2,0.55,0,0,1,3.8
Molecule 198,C1C2=CC=CC=C2COC1=O,C9H8O2,148.16,11,6,0.22,0,2,0,40.35,26.3,1.61,1.28,1.13,1.59,2.46,1.62,-1.97,1.59E+00,1.07E-02,Very soluble,-1.43,5.48E+00,3.70E-02,Very soluble,-2.84,2.16E-01,1.46E-03,Soluble,High,Yes,No,No,No,No,No,No,-6.29,0,2,0,0,1,0.55,0,0,1,2
Molecule 199,C1C2CC3CC1CC(C2)(C3)C(=O)O,C11H16O2,180.24,13,0,0.91,1,2,1,50.16,37.3,1.84,2.62,2.29,2.48,1.95,2.24,-2.54,5.17E-01,2.87E-03,Soluble,-3.05,1.59E-01,8.85E-04,Soluble,-1.32,8.65E+00,4.80E-02,Soluble,High,Yes,No,No,No,No,No,No,-5.54,0,0,0,0,1,0.85,0,0,1,3.76
Molecule 200,C1CC(=O)N(C1)CC(=O)N,C6H10N2O2,142.16,10,0,0.67,2,2,1,38.76,63.4,0.79,-1.54,-1.29,-0.96,-0.21,-0.64,0.38,3.42E+02,2.40E+00,Highly soluble,0.72,7.38E+02,5.19E+00,Highly soluble,-0.18,9.31E+01,6.55E-01,Soluble,High,No,No,No,No,No,No,No,-8.26,0,3,0,0,1,0.55,0,0,1,1.15
Molecule 201,C1CC(=O)NC(=O)C1,C5H7NO2,113.11,8,0,0.6,0,2,1,31.15,46.17,0.77,-0.68,-0.57,-0.08,0.96,0.08,-0.11,8.72E+01,7.71E-01,Very soluble,0.18,1.73E+02,1.53E+00,Highly soluble,-1.04,1.03E+01,9.14E-02,Soluble,High,No,No,No,No,No,No,No,-7.47,0,4,0,0,1,0.55,0,1,1,1
Molecule 202,C1CC(=O)NC1C(=O)O,C5H7NO3,129.11,9,0,0.6,1,3,2,32.72,66.4,0.51,-0.77,-1.03,-0.93,-0.08,-0.46,-0.09,1.05E+02,8.14E-01,Very soluble,-0.15,9.21E+01,7.14E-01,Very soluble,-0.04,1.19E+02,9.23E-01,Soluble,High,No,No,No,No,No,No,No,-7.63,0,4,0,0,1,0.85,0,0,1,1.67
Molecule 203,C1CC(CCC1N)N,C6H14N2,114.19,8,0,1,0,2,2,34.26,52.04,1.43,-0.32,0.22,0.21,0.15,0.34,-0.35,5.14E+01,4.50E-01,Very soluble,-0.31,5.57E+01,4.88E-01,Very soluble,-0.31,5.58E+01,4.89E-01,Soluble,High,No,No,No,No,No,No,No,-7.22,0,2,0,0,1,0.55,0,0,1,1.93
Molecule 204,C1CC(NC1)C(=O)O,C5H9NO2,115.13,8,0,0.8,1,3,2,32.52,49.33,0.84,-2.5,-0.56,-2.59,0.22,-0.92,1.09,1.41E+03,1.22E+01,Highly soluble,2.01,1.17E+04,1.02E+02,Highly soluble,-0.13,8.57E+01,7.45E-01,Soluble,High,No,No,No,No,No,No,No,-8.78,0,4,0,0,2,0.55,0,0,1,1.54
Molecule 205,C1CC1C2=CC=C(C3=CC=CC=C23)N4C(=NN=C4Br)SCC(=O)O,C17H14BrN3O2S,404.28,24,15,0.24,5,4,1,97.33,93.31,2.53,4.71,4.17,3.16,3.41,3.6,-5.45,1.45E-03,3.58E-06,Moderately soluble,-6.4,1.62E-04,4.00E-07,Poorly soluble,-5.49,1.31E-03,3.24E-06,Moderately soluble,High,No,No,Yes,Yes,Yes,No,No,-5.42,0,0,0,0,0,0.56,0,0,2,2.86
Molecule 206,C1CCC(=O)NCC1,C6H11NO,113.16,8,0,0.83,0,1,1,35.76,29.1,1.48,-0.1,0.3,0.47,1.55,0.74,-0.48,3.76E+01,3.32E-01,Very soluble,-0.06,9.89E+01,8.74E-01,Very soluble,-1.43,4.21E+00,3.72E-02,Soluble,High,No,No,No,No,No,No,No,-7.06,0,3,0,0,1,0.55,0,0,1,1.01
Molecule 207,C1CCC(CC1)NS(=O)(=O)O,C6H13NO3S,179.24,11,0,1,2,4,2,42.18,74.78,0.5,0.65,1.79,0.26,-0.45,0.55,-1.23,1.06E+01,5.91E-02,Very soluble,-1.8,2.87E+00,1.60E-02,Very soluble,-0.72,3.44E+01,1.92E-01,Soluble,High,No,No,No,No,No,No,No,-6.93,0,0,0,0,1,0.85,0,1,1,2.11
Molecule 208,C1CCNC(=O)C1,C5H9NO,99.13,7,0,0.8,0,1,1,30.95,29.1,1.28,-0.46,-0.09,0.1,1.32,0.43,-0.16,6.78E+01,6.84E-01,Very soluble,0.32,2.05E+02,2.07E+00,Highly soluble,-1.13,7.38E+00,7.45E-02,Soluble,High,No,No,No,No,No,No,No,-7.23,0,3,0,0,1,0.55,0,0,1,1
Molecule 209,C1CCNCC1,C5H11N,85.15,6,0,1,0,1,1,30.75,12.03,1.7,0.84,0.38,0.76,1.75,1.09,-0.9,1.08E+01,1.27E-01,Very soluble,-0.68,1.80E+01,2.11E-01,Very soluble,-1.21,5.24E+00,6.15E-02,Soluble,Low,No,No,No,No,No,No,No,-6.22,0,3,0,0,2,0.55,0,0,1,1
Molecule 210,C1CN2CCN1CC2,C6H12N2,112.17,8,0,1,0,2,0,40.35,6.48,1.65,-0.15,-1.14,0.21,0.56,0.23,-0.44,4.06E+01,3.62E-01,Very soluble,0.47,3.30E+02,2.94E+00,Highly soluble,-0.15,7.89E+01,7.03E-01,Soluble,Low,No,No,No,No,No,No,No,-7.09,0,2,0,0,1,0.55,0,0,1,2.56
Molecule 211,C1CNCCN1,C4H10N2,86.14,6,0,1,0,2,2,32.66,24.06,1.3,-1.5,-1.58,-0.57,0.92,-0.29,0.57,3.21E+02,3.72E+00,Highly soluble,1.5,2.72E+03,3.16E+01,Highly soluble,-0.99,8.90E+00,1.03E-01,Soluble,Low,No,No,No,No,No,No,No,-7.89,0,4,0,0,2,0.55,0,0,1,1
Molecule 212,C1CNCCNCCCNCCNC1,C10H24N4,200.32,14,0,1,0,4,4,74.94,48.12,2.04,-1.65,-2.38,-0.21,0.71,-0.3,-0.04,1.82E+02,9.07E-01,Very soluble,1.15,2.83E+03,1.41E+01,Highly soluble,-2.88,2.67E-01,1.33E-03,Soluble,Low,No,Yes,No,No,No,No,No,-8.69,0,1,0,0,0,0.55,0,0,1,2.27
Molecule 213,C1COCCN1,C4H9NO,87.12,6,0,1,0,2,1,27.03,21.26,1.42,-0.86,-0.77,-0.57,1.24,0.09,0.16,1.26E+02,1.45E+00,Highly soluble,0.89,6.84E+02,7.85E+00,Highly soluble,-0.68,1.83E+01,2.10E-01,Soluble,Low,No,No,No,No,No,No,No,-7.44,0,4,0,0,2,0.55,0,0,1,1.03
Molecule 214,C=CCCCCCCCCC(=O)O,C11H20O2,184.28,13,0,0.73,9,2,1,56.29,37.3,2.62,3.86,3.38,2.76,3.06,3.13,-2.82,2.79E-01,1.51E-03,Soluble,-4.34,8.42E-03,4.57E-05,Moderately soluble,-2.94,2.12E-01,1.15E-03,Soluble,High,Yes,No,No,No,No,No,No,-4.68,0,0,0,0,1,0.85,0,1,3,1.89
Molecule 215,CC(=CC1=CC=CC=C1)C=C2C(=O)N(C(=S)S2)CC(=O)O,C15H13NO3S2,319.4,21,6,0.13,4,3,1,91.76,115,2.38,3.84,2.43,1.61,3.63,2.78,-4.19,2.08E-02,6.50E-05,Moderately soluble,-5.95,3.58E-04,1.12E-06,Moderately soluble,-2.92,3.83E-01,1.20E-03,Soluble,High,No,No,Yes,Yes,Yes,No,Yes,-5.52,0,0,0,0,0,0.56,1,2,1,3.39
Molecule 216,CC(=O)C(=O)O,C3H4O3,88.06,6,0,0.33,1,3,1,18.51,54.37,0.25,-0.33,-0.34,-0.96,-0.48,-0.37,-0.11,6.80E+01,7.73E-01,Very soluble,-0.35,3.93E+01,4.46E-01,Very soluble,0.51,2.86E+02,3.25E+00,Soluble,High,No,No,No,No,No,No,No,-7.07,0,3,0,0,2,0.85,0,1,1,1
Molecule 217,CC(=O)CCCCN1C(=O)C2=C(N=CN2C)N(C1=O)C,C13H18N4O3,278.31,20,9,0.54,5,4,0,76.27,78.89,2.49,0.29,0.19,-0.01,0.83,0.76,-1.75,4.94E+00,1.77E-02,Very soluble,-1.51,8.62E+00,3.10E-02,Very soluble,-2.23,1.63E+00,5.86E-03,Soluble,High,No,No,No,No,No,No,No,-7.79,0,0,0,0,0,0.55,0,0,0,2.44
Molecule 218,CC(=O)N,C2H5NO,59.07,4,0,0.5,0,1,1,14.64,43.09,0.59,-0.86,-0.51,-0.89,-0.72,-0.48,0.34,1.28E+02,2.17E+00,Highly soluble,0.44,1.61E+02,2.73E+00,Highly soluble,0.32,1.24E+02,2.09E+00,Soluble,High,No,No,No,No,No,No,No,-7.27,0,4,0,0,2,0.55,0,0,1,1
Molecule 219,CC(=O)NC(CS)C(=O)O,C5H9NO3S,163.19,10,0,0.6,4,3,2,38.85,105.2,0.65,0.36,-0.49,-0.54,-0.36,-0.08,-0.81,2.50E+01,1.53E-01,Very soluble,-2.13,1.20E+00,7.35E-03,Soluble,-0.2,1.04E+02,6.37E-01,Soluble,High,No,No,No,No,No,No,No,-7.04,0,3,0,0,1,0.56,0,1,1,2.08
Molecule 220,CC(=O)NC1=CC=C(C=C1)C(=O)O,C9H9NO3,179.17,13,6,0.11,3,3,2,47.71,66.4,1.1,1.31,1.15,1.11,0.78,1.09,-1.92,2.16E+00,1.20E-02,Very soluble,-2.3,8.88E-01,4.95E-03,Soluble,-2.16,1.25E+00,6.97E-03,Soluble,High,Yes,No,No,No,No,No,No,-6.46,0,0,0,0,1,0.85,0,0,1,1
Molecule 221,CC(=O)NC1=CC=C(C=C1)O,C8H9NO2,151.16,11,6,0.12,2,2,2,42.78,49.33,1.21,0.46,1.16,0.91,0.89,0.93,-1.34,6.93E+00,4.59E-02,Very soluble,-1.06,1.30E+01,8.62E-02,Very soluble,-2.19,9.72E-01,6.43E-03,Soluble,High,Yes,No,No,No,No,No,No,-6.9,0,1,0,0,1,0.55,0,1,1,1
Molecule 222,CC(=O)NC1=NN=C(S1)S(=O)(=O)N,C4H6N4O3S2,222.25,13,5,0.25,3,6,2,45.22,151.66,-0.21,-0.26,0.03,-2.34,-0.33,-0.62,-1.14,1.61E+01,7.23E-02,Very soluble,-2.47,7.60E-01,3.42E-03,Soluble,-0.88,2.90E+01,1.31E-01,Soluble,Low,No,No,No,No,No,No,No,-7.84,0,1,1,1,2,0.55,0,1,1,3
Molecule 223,CC(=O)NCCC1=CNC2=C1C=C(C=C2)OC,C13H16N2O2,232.28,17,9,0.31,5,2,2,67.18,54.12,1.98,1.59,1.86,0.97,2.78,1.83,-2.34,1.05E+00,4.53E-03,Soluble,-2.34,1.07E+00,4.60E-03,Soluble,-4.62,5.62E-03,2.42E-05,Moderately soluble,High,Yes,No,Yes,No,No,No,No,-6.59,0,0,0,0,0,0.55,0,0,1,1.73
Molecule 224,CC(=O)NS(=O)(=O)C1=CC=C(C=C1)N,C8H10N2O3S,214.24,14,6,0.12,3,3,2,51.75,97.64,0.5,-0.96,1.18,-0.12,-0.46,0.03,-0.68,4.45E+01,2.08E-01,Very soluble,-0.61,5.31E+01,2.48E-01,Very soluble,-2.36,9.40E-01,4.39E-03,Soluble,High,No,No,No,No,No,No,No,-8.29,0,0,0,0,0,0.55,0,1,1,1.85
Molecule 225,CC(=O)OC1=CC=CC=C1C(=O)O,C9H8O4,180.16,13,6,0.11,3,4,1,44.9,63.6,1.3,1.19,1.31,1.51,1.1,1.28,-1.85,2.54E+00,1.41E-02,Very soluble,-2.12,1.36E+00,7.56E-03,Soluble,-1.85,2.57E+00,1.43E-02,Soluble,High,Yes,No,No,No,No,No,No,-6.55,0,0,0,0,1,0.85,0,1,1,1.52
Molecule 226,CC(C(=O)N)O,C3H7NO2,89.09,6,0,0.67,1,2,2,20.6,63.32,0.5,-1.11,-1.15,-1.25,-1.04,-0.81,0.37,2.10E+02,2.36E+00,Highly soluble,0.27,1.66E+02,1.87E+00,Highly soluble,0.77,5.23E+02,5.87E+00,Soluble,High,No,No,No,No,No,No,No,-7.63,0,4,0,0,2,0.55,0,0,1,1
Molecule 227,CC(C(=O)O)N,C3H7NO2,89.09,6,0,0.67,1,3,2,21.01,63.32,0.33,-2.96,-0.58,-3.06,-1.04,-1.46,1.54,3.08E+03,3.45E+01,Highly soluble,2.19,1.38E+04,1.55E+02,Highly soluble,0.77,5.23E+02,5.87E+00,Soluble,High,No,No,No,No,No,No,No,-8.95,0,4,0,0,3,0.55,0,0,1,1
Molecule 228,CC(C(=O)O)O,C3H6O3,90.08,6,0,0.67,1,3,2,19.47,57.53,0.52,-0.72,-0.55,-0.85,-0.8,-0.48,0.12,1.19E+02,1.32E+00,Highly soluble,-0.01,8.76E+01,9.72E-01,Very soluble,0.98,8.66E+02,9.62E+00,Soluble,High,No,No,No,No,No,No,No,-7.36,0,4,0,0,2,0.85,0,0,1,1.29
Molecule 229,CC(C(C(=O)O)N)O,C4H9NO3,119.12,8,0,0.75,2,4,3,26.98,83.55,0.61,-2.94,-1.22,-3.46,-1.36,-1.67,1.41,3.03E+03,2.54E+01,Highly soluble,1.75,6.62E+03,5.56E+01,Highly soluble,1.25,2.10E+03,1.76E+01,Soluble,High,No,No,No,No,No,No,No,-9.11,0,4,0,0,3,0.55,0,0,1,1.79
Molecule 230,CC(C(C)C(=O)O)C(=O)O,C6H10O4,146.14,10,0,0.67,3,4,2,34.5,74.6,0.76,0.36,0.43,0.25,-0.26,0.31,-0.77,2.45E+01,1.68E-01,Very soluble,-1.49,4.71E+00,3.23E-02,Very soluble,0.52,4.87E+02,3.33E+00,Soluble,High,No,No,No,No,No,No,No,-6.94,0,2,0,0,1,0.85,0,0,1,2.18
Molecule 231,CC(C)(C)C1=C(C=CC(=C1)O)O,C10H14O2,166.22,12,6,0.4,1,2,2,49.76,40.46,1.88,2.83,2.4,2.1,2.02,2.24,-2.96,1.83E-01,1.10E-03,Soluble,-3.34,7.64E-02,4.60E-04,Soluble,-2.45,5.91E-01,3.56E-03,Soluble,High,Yes,No,Yes,No,No,No,No,-5.3,0,0,0,0,1,0.55,0,1,1,1.03
Molecule 232,CC(C)(C)CCNC(CC(=O)O)C(=O)NC(CC1=CC=CC=C1)C(=O)OC,C20H30N2O5,378.46,27,6,0.55,13,6,3,102.5,104.73,3.16,-0.14,1.76,1.72,2.75,1.85,-1.4,1.49E+01,3.94E-02,Very soluble,-1.61,9.39E+00,2.48E-02,Very soluble,-4.77,6.49E-03,1.71E-05,Moderately soluble,High,No,Yes,No,No,No,No,No,-8.71,0,0,1,0,0,0.55,0,0,2,3.59
Molecule 233,CC(C)(CC(=O)O)C(=O)O,C6H10O4,146.14,10,0,0.67,3,4,2,34.24,74.6,0.62,0.15,0.57,0.25,-0.24,0.27,-0.64,3.33E+01,2.28E-01,Very soluble,-1.27,7.79E+00,5.33E-02,Very soluble,0.17,2.14E+02,1.47E+00,Soluble,High,No,No,No,No,No,No,No,-7.08,0,2,0,0,1,0.85,0,0,1,1.46
Molecule 234,CC(C)CC(C(=O)O)N,C6H13NO2,131.17,9,0,0.83,3,3,2,35.44,63.32,1.15,-1.52,0.44,-1.82,-0.15,-0.38,0.5,4.17E+02,3.18E+00,Highly soluble,0.7,6.52E+02,4.97E+00,Highly soluble,-0.14,9.61E+01,7.33E-01,Soluble,High,No,No,No,No,No,No,No,-8.18,0,2,0,0,1,0.55,0,0,1,1.39
Molecule 235,CC(C)CC1=CC=C(C=C1)C(C)C(=O)O,C13H18O2,206.28,15,6,0.46,4,2,1,62.18,37.3,2.17,3.5,3.07,3.13,3.15,3,-3.36,9.09E-02,4.41E-04,Soluble,-3.97,2.23E-02,1.08E-04,Soluble,-3.44,7.49E-02,3.63E-04,Soluble,High,Yes,No,No,No,No,No,No,-5.07,0,0,0,0,0,0.85,0,0,1,1.92
Molecule 236,CC(C)OC1=CC=C(C=C1)C(=O)NS(=O)(=O)C2=CC=C(C=C2)N,C16H18N2O4S,334.39,23,12,0.19,6,4,2,87.76,106.87,1.91,2.56,3.26,1.6,1.33,2.13,-3.52,1.02E-01,3.05E-04,Soluble,-4.45,1.18E-02,3.53E-05,Moderately soluble,-5.01,3.23E-03,9.66E-06,Moderately soluble,High,No,No,No,No,Yes,Yes,Yes,-6.52,0,0,0,0,0,0.55,0,1,0,2.38
Molecule 237,CC(C1=CC(=C(C=C1)C2=CC=CC=C2)F)C(=O)O,C15H13FO2,244.26,18,12,0.13,3,3,1,68.19,37.3,2,4.16,4.1,3.79,3.87,3.59,-4.27,1.31E-02,5.36E-05,Moderately soluble,-4.65,5.45E-03,2.23E-05,Moderately soluble,-5.01,2.39E-03,9.79E-06,Moderately soluble,High,Yes,No,No,No,No,No,No,-4.84,0,0,0,0,0,0.85,0,0,2,2.45
Molecule 238,CC(C1=CC(=CC=C1)C(=O)C2=CC=CC=C2)C(=O)O,C16H14O3,254.28,19,12,0.12,4,3,1,72.67,54.37,1.91,3.12,3.11,2.69,3.37,2.84,-3.59,6.60E-02,2.60E-04,Soluble,-3.93,2.98E-02,1.17E-04,Soluble,-4.68,5.35E-03,2.10E-05,Moderately soluble,High,Yes,No,No,No,No,No,No,-5.64,0,0,0,0,0,0.85,0,0,0,2.57
Molecule 239,CC(CCCC(=O)O)CC(=O)O,C8H14O4,174.19,12,0,0.75,6,4,2,44.11,74.6,1.06,0.91,1.35,0.93,0.71,0.99,-1.1,1.39E+01,7.99E-02,Very soluble,-2.06,1.51E+00,8.67E-03,Soluble,-0.68,3.65E+01,2.09E-01,Soluble,High,No,No,No,No,No,No,No,-6.72,0,0,0,0,1,0.85,0,0,1,1.92
Molecule 240,CC(CS(=O)(=O)C1=CC=C(C=C1)F)(C(=O)NC2=CC(=C(C=C2)C#N)C(F)(F)F)O,C18H14F4N2O4S,430.37,29,12,0.22,7,9,2,93.86,115.64,1.95,2.31,5.34,2.47,3.22,3.06,-3.81,6.70E-02,1.56E-04,Soluble,-4.38,1.81E-02,4.20E-05,Moderately soluble,-6.25,2.41E-04,5.60E-07,Poorly soluble,Low,No,Yes,No,Yes,No,No,Yes,-7.29,0,0,0,0,0,0.55,0,0,1,3.53
Molecule 241,CC(O)(P(=O)(O)O)P(=O)(O)O,C2H8O7P2,206.03,11,0,1,2,7,5,34.9,154.91,-1.56,-3.67,-0.99,-3.14,-2.42,-2.36,1.33,4.37E+03,2.12E+01,Highly soluble,1,2.08E+03,1.01E+01,Highly soluble,2.52,6.78E+04,3.29E+02,Soluble,Low,No,No,No,No,No,No,No,-10.16,0,3,1,1,3,0.55,0,1,1,4.11
Molecule 242,CC1(C(CCC1(C)C(=O)O)C(=O)O)C,C10H16O4,200.23,14,0,0.8,2,4,2,51.09,74.6,1.14,1.33,1.6,1.16,1.03,1.25,-1.79,3.27E+00,1.63E-02,Very soluble,-2.5,6.36E-01,3.18E-03,Soluble,-0.93,2.36E+01,1.18E-01,Soluble,High,No,No,No,No,No,No,No,-6.58,0,0,0,0,0,0.85,0,0,1,2.76
Molecule 243,CC1=C(C(=NN1)C)Cl,C5H7ClN2,130.58,8,5,0.4,0,1,1,33.53,28.68,1.3,1.64,1.68,0.99,2.48,1.62,-2.15,9.35E-01,7.16E-03,Soluble,-1.86,1.82E+00,1.40E-02,Very soluble,-2.59,3.36E-01,2.58E-03,Soluble,High,Yes,No,No,No,No,No,No,-5.93,0,3,0,0,1,0.55,0,0,1,1.36
Molecule 244,CC1=C(C(=NN1)C)I,C5H7IN2,222.03,8,5,0.4,0,1,1,41.24,28.68,1.36,1.67,1.63,1.34,2.81,1.76,-2.73,4.12E-01,1.86E-03,Soluble,-1.89,2.88E+00,1.30E-02,Very soluble,-2.97,2.40E-01,1.08E-03,Soluble,High,Yes,No,No,No,No,No,No,-6.47,0,1,0,0,0,0.55,0,1,1,1.79
Molecule 245,CC1=C(C(=O)C=CO1)O,C6H6O3,126.11,9,6,0.17,0,3,1,31.97,50.44,1.47,0.09,0.65,-0.84,1.36,0.55,-1.17,8.49E+00,6.73E-02,Very soluble,-0.7,2.49E+01,1.98E-01,Very soluble,-1.71,2.48E+00,1.97E-02,Soluble,High,Yes,No,No,No,No,No,No,-7.01,0,3,0,0,1,0.55,0,0,1,2.39
Molecule 246,CC1=C(C2=C(N1C(=O)C3=CC=C(C=C3)Cl)C=CC(=C2)OC)CC(=O)O,C19H16ClNO4,357.79,25,15,0.16,5,4,1,96.12,68.53,2.76,4.27,3.93,3.3,3.91,3.63,-4.86,4.91E-03,1.37E-05,Moderately soluble,-5.42,1.36E-03,3.79E-06,Moderately soluble,-5.79,5.83E-04,1.63E-06,Moderately soluble,High,Yes,No,Yes,Yes,Yes,No,No,-5.45,0,0,0,0,0,0.85,0,0,2,2.51
Molecule 247,CC1=C(C=C(C=C1)C(C)C)O,C10H14O,150.22,11,6,0.4,1,1,1,48.01,20.23,2.24,3.49,2.82,2.76,2.79,2.82,-3.31,7.40E-02,4.92E-04,Soluble,-3.6,3.79E-02,2.53E-04,Soluble,-3.01,1.46E-01,9.71E-04,Soluble,High,Yes,No,Yes,No,No,No,No,-4.74,0,1,0,0,2,0.55,0,0,1,1
Molecule 248,CC1=C(C=CC=C1Cl)NC2=CC=CC=C2C(=O)O,C14H12ClNO2,261.7,18,12,0.07,3,2,2,72.92,49.33,2.44,5.17,4.09,2.49,3.23,3.48,-5.01,2.53E-03,9.66E-06,Moderately soluble,-5.95,2.92E-04,1.12E-06,Moderately soluble,-5.35,1.18E-03,4.51E-06,Moderately soluble,High,Yes,No,Yes,Yes,Yes,No,No,-4.23,0,0,0,0,1,0.85,0,0,1,1.98
Molecule 249,CC1=C(N=C(C(=N1)C)C)C,C8H12N2,136.19,10,6,0.5,0,2,0,41.9,25.78,1.99,1.28,1.71,0.55,2.66,1.64,-1.93,1.58E+00,1.16E-02,Very soluble,-1.42,5.17E+00,3.79E-02,Very soluble,-3.17,9.21E-02,6.76E-04,Soluble,High,Yes,No,No,No,No,No,No,-6.22,0,1,0,0,1,0.55,0,0,1,1.83
Molecule 250,CC1=C(SC(=N1)C2=CC(=C(C=C2)OCC(C)C)C#N)C(=O)O,C16H16N2O3S,316.37,22,11,0.31,5,5,1,85.1,111.45,2.84,3.9,3.72,1.46,4.5,3.28,-4.3,1.59E-02,5.03E-05,Moderately soluble,-5.94,3.64E-04,1.15E-06,Moderately soluble,-4.61,7.80E-03,2.47E-05,Moderately soluble,High,No,No,Yes,Yes,Yes,No,No,-5.46,0,0,0,0,0,0.56,0,0,1,3.12
Molecule 251,CC1=CC(=C(C=C1)N)C(=O)O,C8H9NO2,151.16,11,6,0.12,1,2,2,42.77,63.32,1.16,1.77,1.28,0.21,0.95,1.07,-2.23,8.90E-01,5.89E-03,Soluble,-2.72,2.90E-01,1.92E-03,Soluble,-1.78,2.50E+00,1.66E-02,Soluble,High,Yes,No,No,No,No,No,No,-5.97,0,1,0,0,1,0.85,0,1,1,1
Molecule 252,CC1=CC(=CC(=C1)O)O,C7H8O2,124.14,9,6,0.14,0,2,2,35.45,40.46,1.19,1.58,1.41,1.15,1.35,1.33,-2.1,9.90E-01,7.97E-03,Soluble,-2.04,1.13E+00,9.11E-03,Soluble,-1.59,3.19E+00,2.57E-02,Soluble,High,Yes,No,No,No,No,No,Yes,-5.94,0,3,0,0,1,0.55,0,0,1,1
Molecule 253,CC1=CC(=NC(=N1)N)C,C6H9N3,123.16,9,6,0.33,0,2,1,36.37,51.8,1.44,0.67,0.68,0.06,1.06,0.78,-1.52,3.73E+00,3.03E-02,Very soluble,-1.33,5.70E+00,4.63E-02,Very soluble,-2.02,1.17E+00,9.51E-03,Soluble,High,Yes,No,No,No,No,No,No,-6.58,0,3,0,0,1,0.55,0,0,1,1.42
Molecule 254,CC1=CC(=NC(=N1)N)Cl,C5H6ClN3,143.57,9,6,0.2,0,2,1,36.41,51.8,1.45,1.22,1.03,0.33,1.31,1.07,-1.99,1.46E+00,1.02E-02,Very soluble,-1.9,1.79E+00,1.24E-02,Very soluble,-2.27,7.66E-01,5.33E-03,Soluble,High,Yes,No,No,No,No,No,No,-6.31,0,3,0,0,1,0.55,0,0,1,1.61
Molecule 255,CC1=CC(=NC(=N1)NS(=O)(=O)C2=CC=C(C=C2)N)C,C12H14N4O2S,278.33,19,12,0.17,3,4,2,73.48,106.35,1.73,0.28,2.37,0.38,0.69,1.09,-2.01,2.71E+00,9.74E-03,Soluble,-2.08,2.34E+00,8.41E-03,Soluble,-4.56,7.67E-03,2.75E-05,Moderately soluble,High,No,No,No,No,No,No,No,-7.8,0,0,0,0,0,0.55,0,1,0,2.48
Molecule 256,CC1=CC(=NN1)C,C5H8N2,96.13,7,5,0.4,0,1,1,28.52,28.68,1.07,1.02,1.03,0.35,1.87,1.07,-1.61,2.38E+00,2.47E-02,Very soluble,-1.21,5.90E+00,6.14E-02,Very soluble,-1.92,1.15E+00,1.19E-02,Soluble,High,Yes,No,No,No,No,No,No,-6.16,0,3,0,0,1,0.55,0,0,1,1.05
Molecule 257,CC1=CC(=O)NC(=N1)N,C5H7N3O,125.13,9,6,0.2,0,2,2,34.23,71.77,0.53,-0.92,-0.33,-0.44,0.81,-0.07,-0.53,3.70E+01,2.95E-01,Very soluble,-0.1,9.86E+01,7.88E-01,Very soluble,-1.54,3.57E+00,2.85E-02,Soluble,High,No,No,No,No,No,No,No,-7.72,0,3,0,0,1,0.55,0,0,1,1.61
Molecule 258,CC1=CC(=O)NC=C1,C6H7NO,109.13,8,6,0.17,0,1,1,32.03,32.86,1.38,0.12,0.68,0.59,2,0.95,-1.15,7.78E+00,7.13E-02,Very soluble,-0.37,4.70E+01,4.31E-01,Very soluble,-2.25,6.08E-01,5.57E-03,Soluble,High,Yes,No,No,No,No,No,No,-6.88,0,3,0,0,1,0.55,0,0,1,1.26
Molecule 259,CC1=CC=C(C=C1)S(=O)(=O)O,C7H8O3S,172.2,11,6,0.14,1,3,1,41.27,62.75,0.78,1,2.32,1.45,0.64,1.24,-1.88,2.29E+00,1.33E-02,Very soluble,-1.91,2.13E+00,1.24E-02,Very soluble,-2.13,1.28E+00,7.41E-03,Soluble,High,Yes,No,No,No,No,No,No,-6.64,0,1,0,0,1,0.85,0,1,1,1.79
Molecule 260,CC1=CC=CC(=O)N1,C6H7NO,109.13,8,6,0.17,0,1,1,32.03,32.86,1.37,0.58,0.68,0.59,2,1.04,-1.44,3.99E+00,3.66E-02,Very soluble,-0.84,1.57E+01,1.44E-01,Very soluble,-2.25,6.08E-01,5.57E-03,Soluble,High,Yes,No,No,No,No,No,No,-6.55,0,3,0,0,1,0.55,0,0,1,1.23
Molecule 261,CC1=CC=CC=C1C(=O)O,C8H8O2,136.15,10,6,0.12,1,2,1,38.37,37.3,1.38,2.46,1.69,1.93,1.68,1.83,-2.61,3.33E-01,2.44E-03,Soluble,-2.89,1.77E-01,1.30E-03,Soluble,-2.13,1.02E+00,7.46E-03,Soluble,High,Yes,No,No,No,No,No,No,-5.38,0,3,0,0,1,0.85,0,0,1,1
Molecule 262,CC1=CNC(=O)NC1=O,C5H6N2O2,126.11,9,6,0.2,0,2,2,32.65,65.72,0.71,-0.62,-0.63,-0.39,1.67,0.15,-0.72,2.38E+01,1.89E-01,Very soluble,-0.29,6.50E+01,5.15E-01,Very soluble,-1.81,1.94E+00,1.54E-02,Soluble,High,No,No,No,No,No,No,No,-7.51,0,4,0,0,1,0.55,0,0,1,1.48
Molecule 263,CC1=CNC2=CC=CC=C12,C9H9N,131.17,10,9,0.11,0,0,1,43.26,15.79,1.65,2.31,2.48,1.89,3.06,2.28,-2.77,2.20E-01,1.68E-03,Soluble,-2.28,6.89E-01,5.25E-03,Soluble,-3.63,3.05E-02,2.32E-04,Soluble,High,Yes,No,Yes,No,No,No,No,-5.46,0,2,0,0,2,0.55,0,0,1,1
Molecule 264,CC1=NC=CN1,C4H6N2,82.1,6,5,0.25,0,1,1,23.55,28.68,0.81,0.46,0.72,-0.47,1.56,0.62,-1.26,4.56E+00,5.55E-02,Very soluble,-0.63,1.92E+01,2.34E-01,Very soluble,-1.51,2.55E+00,3.11E-02,Soluble,High,Yes,No,No,No,No,No,No,-6.47,0,3,0,0,2,0.55,0,0,1,1
Molecule 265,CC=CC=CC(=O)O,C6H8O2,112.13,8,0,0.17,2,2,1,31.78,37.3,1.46,1.33,1.2,1.07,0.57,1.13,-1.24,6.44E+00,5.74E-02,Very soluble,-1.71,2.16E+00,1.93E-02,Very soluble,0.24,1.94E+02,1.73E+00,Soluble,High,Yes,No,No,No,No,No,No,-6.04,0,3,0,0,1,0.85,0,2,1,2.79
Molecule 266,CCC(C(=O)O)C(=O)O,C5H8O4,132.11,9,0,0.6,3,4,2,29.69,74.6,0.47,0.41,0.18,-0.13,-0.46,0.09,-0.72,2.52E+01,1.91E-01,Very soluble,-1.54,3.78E+00,2.86E-02,Very soluble,0.57,4.87E+02,3.69E+00,Soluble,High,No,No,No,No,No,No,No,-6.81,0,3,0,0,1,0.85,0,1,1,1.13
Molecule 267,CCC(C)(C)C(=O)OC1CC(C=C2C1C(C(C=C2)C)CCC3CC(CC(=O)O3)O)C,C25H38O5,418.57,30,0,0.76,7,5,1,118.47,72.83,3.84,4.68,4.59,3.77,3.77,4.13,-4.92,5.01E-03,1.20E-05,Moderately soluble,-5.94,4.84E-04,1.16E-06,Moderately soluble,-3.56,1.15E-01,2.74E-04,Soluble,High,No,No,No,No,Yes,No,Yes,-5.53,0,0,0,0,0,0.55,0,1,2,5.8
Molecule 268,CCC1=C(C(=O)C=CO1)O,C7H8O3,140.14,10,6,0.29,1,3,1,36.77,50.44,1.71,0.63,0.91,-0.48,1.65,0.88,-1.48,4.60E+00,3.28E-02,Very soluble,-1.26,7.63E+00,5.44E-02,Very soluble,-2.12,1.05E+00,7.50E-03,Soluble,High,Yes,No,No,No,No,No,No,-6.71,0,3,0,0,1,0.55,0,0,1,2.45
Molecule 269,CCCC(=O)O,C4H8O2,88.11,6,0,0.75,2,2,1,23.11,37.3,1.1,0.79,0.87,0.49,0.13,0.68,-0.75,1.56E+01,1.77E-01,Very soluble,-1.15,6.18E+00,7.01E-02,Very soluble,-0.35,3.94E+01,4.48E-01,Soluble,High,Yes,No,No,No,No,No,No,-6.28,0,3,0,0,2,0.85,0,0,1,1
Molecule 270,CCCCCCCC(=O)O,C8H16O2,144.21,10,0,0.88,6,2,1,42.34,37.3,1.95,3.05,2.43,1.96,1.77,2.23,-2.26,7.93E-01,5.50E-03,Soluble,-3.5,4.57E-02,3.17E-04,Soluble,-2.05,1.30E+00,8.99E-03,Soluble,High,Yes,No,No,No,No,No,No,-5.01,0,1,0,0,1,0.85,0,0,1,1.47
Molecule 271,CCCCCCCCCCCCCCCCCC(=O)O,C18H36O2,284.48,20,0,0.94,16,2,1,90.41,37.3,4.3,8.23,6.33,4.67,6.13,5.93,-5.73,5.26E-04,1.85E-06,Moderately soluble,-8.87,3.80E-07,1.33E-09,Poorly soluble,-6.11,2.19E-04,7.71E-07,Poorly soluble,High,No,No,Yes,No,No,No,No,-2.19,1,1,1,1,2,0.85,0,0,2,2.54
Molecule 272,CCCCCCCCCCCCCCCCCCN,C18H39N,269.51,19,0,1,16,1,1,91.35,26.02,5.12,4.3,6.21,4.93,6.3,5.37,-3.16,1.85E-01,6.86E-04,Soluble,-4.56,7.43E-03,2.76E-05,Moderately soluble,-6.79,4.37E-05,1.62E-07,Poorly soluble,High,No,Yes,Yes,No,No,No,Yes,-4.89,1,1,1,1,2,0.55,0,0,2,2.3
Molecule 273,CCCCCCCCCCCCCCCCO,C16H34O,242.44,17,0,1,14,1,1,80.19,20.23,4.41,7.11,5.46,4.45,5.65,5.42,-4.9,3.06E-03,1.26E-05,Moderately soluble,-7.35,1.07E-05,4.43E-08,Poorly soluble,-5.77,4.12E-04,1.70E-06,Moderately soluble,High,Yes,No,Yes,No,No,No,No,-2.73,1,0,1,0,2,0.55,0,0,3,2.29
Molecule 274,CCCCCCCCNCC(C(C(C(CO)O)O)O)O,C14H31NO5,293.4,20,0,1,13,6,6,78.02,113.18,2.95,0.06,-0.63,-0.35,1.15,0.64,-0.84,4.25E+01,1.45E-01,Very soluble,-1.99,3.00E+00,1.02E-02,Very soluble,-1.27,1.56E+01,5.32E-02,Soluble,High,No,No,No,No,No,No,No,-8.05,1,1,1,0,1,0.55,0,0,1,3.93
Molecule 275,CCCOC(=O)C1=CC(=C(C(=C1)O)O)O,C10H12O5,212.2,15,6,0.3,4,5,3,53.4,86.99,1.92,1.8,1.37,0.8,0.99,1.38,-2.32,1.01E+00,4.77E-03,Soluble,-3.25,1.20E-01,5.68E-04,Soluble,-1.57,5.76E+00,2.72E-02,Soluble,High,No,No,No,No,No,No,No,-6.32,0,0,0,0,0,0.55,1,1,1,1.8
Molecule 276,CCN(CC)CC(=O)NC1=C(C=CC=C1C)C,C14H22N2O,234.34,17,6,0.5,6,2,1,72.81,32.34,2.86,2.26,2.39,2.38,2.64,2.5,-2.58,6.14E-01,2.62E-03,Soluble,-2.58,6.23E-01,2.66E-03,Soluble,-4.5,7.33E-03,3.13E-05,Moderately soluble,High,Yes,No,No,No,No,Yes,No,-6.12,0,0,0,0,0,0.55,0,0,1,1.77
Molecule 277,CCOC1=CC=CC=C1C(=O)N,C9H11NO2,165.19,12,6,0.22,3,2,1,45.84,52.32,1.46,0.9,1.18,1.23,1.31,1.22,-1.6,4.12E+00,2.49E-02,Very soluble,-1.58,4.31E+00,2.61E-02,Very soluble,-2.51,5.09E-01,3.08E-03,Soluble,High,Yes,No,No,No,No,No,No,-6.67,0,0,0,0,1,0.55,0,0,1,1.32
Molecule 278,CN(C)C1=CC=NC=C1,C7H10N2,122.17,9,6,0.29,1,1,0,38.44,16.13,1.53,1.34,1.15,0.49,0.9,1.08,-1.87,1.65E+00,1.35E-02,Very soluble,-1.28,6.40E+00,5.24E-02,Very soluble,-2.09,9.95E-01,8.15E-03,Soluble,High,Yes,No,No,No,No,No,No,-6.09,0,3,0,0,1,0.55,0,0,1,1
Molecule 279,CN1C(=O)N2C=NC(=C2N=N1)C(=O)N,C6H6N6O2,194.15,14,9,0.17,1,5,1,44.4,108.17,1.29,-1.06,-2.08,-0.98,-1.78,-0.92,-0.79,3.18E+01,1.64E-01,Very soluble,-0.72,3.68E+01,1.89E-01,Very soluble,-0.03,1.81E+02,9.31E-01,Soluble,High,No,No,No,No,No,No,No,-8.24,0,1,0,0,1,0.55,0,0,1,2.35
Molecule 280,CN1C2=C(C(=O)N(C1=O)C)NC=N2,C7H8N4O2,180.16,13,9,0.29,0,3,1,47.14,72.68,0.53,-0.02,-1.04,-0.52,0.12,-0.19,-1.46,6.29E+00,3.49E-02,Very soluble,-1.06,1.58E+01,8.78E-02,Very soluble,-1.1,1.42E+01,7.89E-02,Soluble,High,No,No,No,No,No,No,No,-7.41,0,1,0,0,1,0.55,0,0,1,1.87
Molecule 281,CN1C2=C(C(=O)N(C1=O)C)NC=N2.O,C7H10N4O3,198.18,14,9,0.29,0,4,2,50.19,81.91,1.09,-0.49,-1.1,-1.32,0.12,-0.34,-1.24,1.15E+01,5.81E-02,Very soluble,-0.76,3.42E+01,1.73E-01,Very soluble,-1.1,1.56E+01,7.89E-02,Soluble,High,No,No,No,No,No,No,No,-7.86,0,1,0,0,1,0.55,0,0,1,1.96
Molecule 282,CN1C=NC2=C1C(=O)N(C(=O)N2C)C,C8H10N4O2,194.19,14,9,0.38,0,3,0,52.04,61.82,1.79,-0.07,-1.03,0.22,-0.5,0.08,-1.48,6.50E+00,3.35E-02,Very soluble,-0.78,3.25E+01,1.67E-01,Very soluble,-0.67,4.15E+01,2.14E-01,Soluble,High,No,No,No,No,No,No,No,-7.53,0,1,0,0,1,0.55,0,0,1,2.03
Molecule 283,CN1C=NC2=C1C(=O)NC(=O)N2C,C7H8N4O2,180.16,13,9,0.29,0,3,1,47.14,72.68,1.22,-0.78,-1.04,-0.12,0.12,-0.12,-0.98,1.90E+01,1.05E-01,Very soluble,-0.27,9.72E+01,5.39E-01,Very soluble,-1.1,1.42E+01,7.89E-02,Soluble,High,No,No,No,No,No,No,No,-7.95,0,1,0,0,1,0.55,0,0,1,1.93
Molecule 284,CN1CCCC1=O,C5H9NO,99.13,7,0,0.8,0,1,0,31.05,20.31,1.48,-0.54,-0.14,0.1,0.84,0.35,-0.11,7.62E+01,7.68E-01,Very soluble,0.58,3.79E+02,3.83E+00,Highly soluble,-0.52,2.99E+01,3.01E-01,Soluble,Low,No,No,No,No,No,No,No,-7.29,0,3,0,0,1,0.55,0,0,1,1
Molecule 285,CN1CCN(CC1)C,C6H14N2,114.19,8,0,1,0,2,0,42.46,6.48,1.96,-0.4,-0.9,0.21,0.4,0.25,-0.3,5.78E+01,5.06E-01,Very soluble,0.73,6.10E+02,5.34E+00,Highly soluble,-0.38,4.77E+01,4.18E-01,Soluble,Low,No,No,No,No,No,No,No,-7.28,0,2,0,0,1,0.55,0,0,1,1.19
Molecule 286,CN1CCN(CC1)CCCN2C3=CC=CC=C3SC4=C2C=C(C=C4)Cl,C20H24ClN3S,373.94,25,12,0.4,4,2,0,118.11,35.02,3.99,4.88,3.44,4.15,3.85,4.06,-5.32,1.77E-03,4.74E-06,Moderately soluble,-5.35,1.67E-03,4.46E-06,Moderately soluble,-6.3,1.89E-04,5.05E-07,Poorly soluble,High,Yes,Yes,Yes,No,No,Yes,No,-5.12,0,0,0,0,0,0.55,0,0,2,3.4
Molecule 287,CN1CCOCC1,C5H11NO,101.15,7,0,1,0,2,0,31.93,12.47,1.76,-0.33,-0.43,-0.16,0.94,0.35,-0.26,5.57E+01,5.51E-01,Very soluble,0.53,3.42E+02,3.38E+00,Highly soluble,-0.38,4.26E+01,4.21E-01,Soluble,Low,No,No,No,No,No,No,No,-7.15,0,4,0,0,1,0.55,0,0,1,1.24
Molecule 288,CNCC(=O)O,C3H7NO2,89.09,6,0,0.67,2,3,2,21.11,49.33,0.68,-2.78,-0.71,-3.06,-0.8,-1.34,1.49,2.76E+03,3.10E+01,Highly soluble,2.3,1.77E+04,1.98E+02,Highly soluble,0,8.95E+01,1.00E+00,Soluble,High,No,No,No,No,No,No,No,-8.82,0,4,0,0,3,0.55,0,0,1,1
Molecule 289,CNCC(C(C(C(CO)O)O)O)O,C7H17NO5,195.21,13,0,1,6,6,6,44.37,113.18,0.66,-2.85,-3.36,-2.41,-1.72,-1.94,1.14,2.70E+03,1.38E+01,Highly soluble,1.03,2.09E+03,1.07E+01,Highly soluble,1.55,6.89E+03,3.53E+01,Soluble,Low,No,No,No,No,No,No,No,-9.51,1,1,0,0,3,0.55,0,0,1,3.13
Molecule 290,COC(=O)C1=CC(=C(C(=C1)O)O)O,C8H8O5,184.15,13,6,0.12,2,5,3,43.79,86.99,0.97,0.86,0.59,0.18,0.28,0.57,-1.73,3.41E+00,1.85E-02,Very soluble,-2.27,9.88E-01,5.37E-03,Soluble,-0.75,3.28E+01,1.78E-01,Soluble,High,No,No,No,No,No,No,No,-6.81,0,0,0,0,1,0.55,1,1,1,1.5
Molecule 291,COC(=O)C1=CC=C(C=C1)O,C8H8O3,152.15,11,6,0.12,2,3,1,39.74,46.53,1.63,1.96,1.18,1.32,1.21,1.46,-2.29,7.81E-01,5.13E-03,Soluble,-2.56,4.17E-01,2.74E-03,Soluble,-1.88,2.00E+00,1.32E-02,Soluble,High,Yes,No,No,No,No,No,No,-5.84,0,3,0,0,1,0.55,0,0,1,1.02
Molecule 292,COC(=O)NC1C(C(C(OC1OC2C(OC(C(C2O)N)OC3C(OC(C(C3O)N)O)CO)CO)CO)OC4C(C(C(C(O4)CO)OC5C(C(C(C(O5)CO)OC6C(C(C(C(O6)CO)OC7C(C(C(C(O7)CO)OC8C(C(C(C(O8)CO)OC9C(C(C(C(O9)CO)O)O)N)O)N)O)N)O)N)O)N)O)N)O,C8H8O3,152.15,11,6,0.12,2,3,1,39.74,46.53,1.63,1.96,1.18,1.32,1.21,1.46,-2.29,7.81E-01,5.13E-03,Soluble,-2.56,4.17E-01,2.74E-03,Soluble,-1.88,2.00E+00,1.32E-02,Soluble,High,Yes,No,No,No,No,No,No,-5.84,0,3,0,0,1,0.55,0,0,1,1.02
Molecule 293,COC1=C(C=C(C=C1)C2CC(=O)C3=C(C=C(C=C3O2)O)O)O,C16H14O6,302.28,22,12,0.19,2,6,3,78.06,96.22,2.24,2.6,2.19,0.41,2.08,1.91,-3.62,7.19E-02,2.38E-04,Soluble,-4.27,1.62E-02,5.37E-05,Moderately soluble,-3.53,8.84E-02,2.92E-04,Soluble,High,No,Yes,Yes,No,No,No,Yes,-6.3,0,0,0,0,0,0.55,0,0,0,3.22
Molecule 294,COC1=C(C=C(C=C1)[N+](=O)[O-])N,C7H8N2O3,168.15,12,6,0.14,2,3,1,46.16,81.07,1.21,1.47,1.19,0.05,-1.04,0.58,-2.05,1.51E+00,8.98E-03,Soluble,-2.78,2.80E-01,1.66E-03,Soluble,-1.54,4.85E+00,2.88E-02,Soluble,High,No,No,No,No,No,No,No,-6.28,0,0,0,0,1,0.55,0,3,1,1.95
Molecule 295,COC1=C(C=CC(=C1)C(=O)O)O,C8H8O4,168.15,12,6,0.12,2,4,2,41.92,66.76,1.4,1.43,1.1,0.74,0.73,1.08,-2.02,1.60E+00,9.52E-03,Soluble,-2.44,6.15E-01,3.66E-03,Soluble,-1.32,8.10E+00,4.82E-02,Soluble,High,No,No,No,No,No,No,No,-6.31,0,0,0,0,1,0.85,0,0,1,1.42
Molecule 296,COC1=C(C=CC(=C1)C2C(OC3=C(O2)C=C(C=C3)C4C(C(=O)C5=C(C=C(C=C5O4)O)O)O)CO)O,C25H22O10,482.44,35,18,0.24,4,10,5,120.55,155.14,2.79,1.9,1.71,-0.4,1.92,1.59,-4.14,3.46E-02,7.17E-05,Moderately soluble,-4.78,7.99E-03,1.66E-05,Moderately soluble,-4.5,1.53E-02,3.16E-05,Moderately soluble,Low,No,No,No,No,No,No,Yes,-7.89,0,1,1,1,1,0.55,0,0,1,4.92
Molecule 297,COC1=C(C=CC(=C1)C=CC(=O)O)O,C10H10O4,194.18,14,6,0.1,3,4,2,51.63,66.76,1.62,1.51,1.39,1,1.26,1.36,-2.11,1.49E+00,7.68E-03,Soluble,-2.52,5.86E-01,3.02E-03,Soluble,-1.42,7.43E+00,3.83E-02,Soluble,High,Yes,No,No,No,No,No,No,-6.41,0,0,0,0,1,0.85,0,1,1,1.93
Molecule 298,COC1=C(C=CC(=C1)C=O)O,C8H8O3,152.15,11,6,0.12,2,3,1,40.34,46.53,1.57,1.21,1.21,0.51,1.49,1.2,-1.82,2.32E+00,1.52E-02,Very soluble,-1.78,2.50E+00,1.64E-02,Very soluble,-1.88,2.00E+00,1.32E-02,Soluble,High,Yes,No,No,No,No,No,No,-6.37,0,2,0,0,1,0.55,0,1,1,1.15
Molecule 299,COC1=CC(=CC(=C1)C=CC2=CC=C(C=C2)O)OC,C16H16O3,256.3,19,12,0.12,4,3,1,76.82,38.69,3.02,3.78,3.36,2.76,3.61,3.31,-4.01,2.48E-02,9.69E-05,Moderately soluble,-4.29,1.33E-02,5.17E-05,Moderately soluble,-4.69,5.24E-03,2.05E-05,Moderately soluble,High,Yes,No,Yes,Yes,Yes,Yes,No,-5.18,0,0,0,0,0,0.55,0,1,1,2.29
Molecule 300,COC1=CC(=CC(=C1O)OC)C(=O)O,C9H10O5,198.17,14,6,0.22,3,5,2,48.41,75.99,1.54,1.04,1.11,0.49,0.77,0.99,-1.84,2.84E+00,1.44E-02,Very soluble,-2.23,1.18E+00,5.94E-03,Soluble,-1.46,6.93E+00,3.50E-02,Soluble,High,No,No,No,No,No,No,No,-6.77,0,0,0,0,1,0.56,0,0,1,1.7
Molecule 301,COC1=CC(=CC(=C1O)OC)C=CC(=O)O,C11H12O5,224.21,16,6,0.18,4,5,2,58.12,75.99,1.63,1.46,1.4,0.73,1.33,1.31,-2.16,1.54E+00,6.86E-03,Soluble,-2.66,4.88E-01,2.18E-03,Soluble,-1.55,6.33E+00,2.82E-02,Soluble,High,No,No,No,No,No,No,No,-6.63,0,0,0,0,0,0.56,0,1,1,2.17
Molecule 302,COC1=CC(=CC(=C1OC)OC)C(=O)O,C10H12O5,212.2,15,6,0.3,4,5,1,52.88,64.99,1.85,1.45,1.41,0.8,1.28,1.36,-2.1,1.68E+00,7.92E-03,Soluble,-2.42,8.06E-01,3.80E-03,Soluble,-2.16,1.46E+00,6.90E-03,Soluble,High,Yes,No,No,No,No,No,No,-6.56,0,0,0,0,0,0.85,0,0,1,1.83
Molecule 303,C[N+](=O)[O-],CH3NO2,61.04,4,0,1,0,2,0,15.03,45.82,0.34,0.09,-0.11,-1.53,-1.06,-0.45,-0.28,3.24E+01,5.31E-01,Very soluble,-0.61,1.51E+01,2.47E-01,Very soluble,0.52,2.02E+02,3.31E+00,Soluble,High,No,No,No,No,No,No,No,-6.61,0,3,0,0,2,0.55,0,2,1,2.29
Molecule 304,C[N+](C)(C)CC(=O)[O-],C5H11NO2,117.15,8,0,0.8,2,2,0,28.35,40.13,-2.19,-0.13,-1.56,-3.67,-3.33,-2.18,-0.35,5.20E+01,4.44E-01,Very soluble,-0.26,6.45E+01,5.51E-01,Very soluble,-0.82,1.76E+01,1.50E-01,Soluble,Low,No,Yes,No,No,No,No,No,-7.11,0,4,0,0,1,0.55,0,1,1,1
Molecule 305,NS(=O)(=O)O,H3NO3S,97.09,5,0,0.8,0,2,0,15.36,88.77,-2.19,-0.13,-1.56,-3.67,-3.33,-2.18,-0.35,5.20E+01,4.44E-01,Very soluble,-0.26,6.45E+01,5.51E-01,Very soluble,-0.82,1.76E+01,1.50E-01,Soluble,Low,No,Yes,No,No,No,No,No,-7.11,0,4,0,0,1,0.55,0,1,1,1
Molecule 306,OS(=O)(=O)O,H2O4S,98.08,5,0,0.8,0,2,0,14.22,82.98,-2.19,-0.13,-1.56,-3.67,-3.33,-2.18,-0.35,5.20E+01,4.44E-01,Very soluble,-0.26,6.45E+01,5.51E-01,Very soluble,-0.82,1.76E+01,1.50E-01,Soluble,Low,No,Yes,No,No,No,No,No,-7.11,0,4,0,0,1,0.55,0,1,1,1
